,Bangla,sylheti
0,4,4
1,80,আশির
2, একটি , এখটা
3, খেলা ,খেলতা
4, ছেড়ে দিতে চাস ?,ছাড়িত্তে নি?
5, বসবা ?,বইবায় নি?
6, মধ্যে, মাজে
7,",কারো",খারো
8,",দূরে",দূরই
9,?,নি?
10,১৫,পন্ডো
11,১৬,১৬ত
12,২,দুই
13,২০১৫তে,২০১৫
14,২টা,দুইটা
15,অকালে,অখালে
16,,
17,অক্টোবরে,অক্টোবরো
18,অঘটন,অঘটন
19,অচেনা,অচেনা
20,অঞ্চল,অঞ্চল
21,অত,অতো
22,অতিরিক্ত,বেশ
23,অতীতে,জীবনো
24,অত্যন্ত,খুব
25,অত্যাচার,অত্যাচার
26,অথচ,অথচ
27,অথবা,নায়
28,অদ্ভুত,"অদ্ভুত, ফুরিন"
29,অনলাইনে,"অনলাইনে, অনলাইনো"
30,অনার্স,অনার্স
31,অনুভব,অনুভব
32,অনুভুতির,অনুভুতির
33,অনুভুতী,অনুভূতি
34,অনুমতি,অনুমতি
35,অনুমতির,অনুমতির
36,অনুযায়ী,অনুযায়ী
37,অনেক,অনেক
38,অনেক দিন আগে,বাক্কা আগে
39,অনেক বন্ধু আছে,বাক্কা বন্ধু আছে
40,অনেকগুলো,বাক্কা
41,অনেকটাই,"অনেক, বাক্কা"
42,অনেকদিন,"বাক্কা, বাক্কাদিন"
43,অনেকবার,"বউতবার, বাক্কাবার"
44,অনেকেই,অনেকই
45,অনেকের,ওর
46,অন্তত,নাওয়
47,অন্ধকার,অন্ধকার
48,"অন্ধকার,",আইন্দাইর
49,অন্য,"অইন্য, অন্য, আর, আরখ, আরোখ"
50,অন্যকে,অইন্যরে
51,অন্যতম,"অন্যতম, বউত"
52,অন্যদিকে,আরোখবায়
53,অন্যদের,"অইন্যরার, অইন্যরে, অইন্যের"
54,অন্যভাবে,অইন্যভাবে
55,অন্যান্য,অন্যান্য
56,অন্যায়,বায়
57,অন্যের,"অইন্যর, অইন্যের, আরেকগুর"
58,অপমান,অপমান
59,অপমান করে,অপমান করে
60,অপর,"আরেক, আরেখ"
61,অপরকে,আরোখজনর
62,অপরের,"অপরের, জনর"
63,অপেক্ষা,অপেক্ষা
64,অপেক্ষায়,অপেক্ষাত
65,অপ্রয়োজনীয়,আনা
66,অফিস,অফিস
67,অফিসে,অফিসো
68,অফিসের,অফিসর
69,অবদানই,অবদান
70,অবলা,বেচারা
71,অবশ্যই,"অবশ্যই, ফরবা"
72,অবস্থা,অবস্থা
73,অবস্থায়,অবস্থাত
74,অবাক,"অবাক, তাইজ্জব, বাক্কা"
75,অবিবাহিত,আবিয়াতি
76,অভিনয়,"অভিনয়, দিন"
77,অভিনয়,অভিনয়
78,অভিভাবকের,মনার
79,অভিযোগ,"অভিযোগ, অভিযোগ-ও, অভিযোগর"
80,অভ্যাস,অভ্যাস
81,অভ্যাস ,অভ্যাস
82,অযোগ্য,আকাইম্মা
83,অর্থ,অর্থ
84,অর্থনৈতিক,অর্থনৈতিক
85,অর্ধেকই,বেটিয়াইন
86,অলস,কুরিয়া
87,অল্প,বাক্কা
88,অল্পবয়সী,"অল্প, বয়সী"
89,অংশ,অংশ
90,অশান্তি,অশান্তি
91,অশিক্ষিত,"অশিক্ষিত, গন্ডোমূর্খ"
92,অসম্ভব,"অসম্ভব, বহুত, বহুুত, সুন্দর, সুন্দরী"
93,অসহায়,অসহায়
94,অসাধারণ,অসাধারণ
95,অসুখ,অসুখ
96,অসুখী,অসুখী
97,অসুখে,অসুখে
98,অসুন্দর,বাদ
99,অসুস্থ,"অসুস্থ, বাক্কা, বেমার, বেমারি, হাসপাতাল"
100,অসুস্থতার,বেমারর
101,আইডিটা,আইডি
102,আঁকতে,আঁকাইতে
103,আকাশ,আকাশ
104,আকাশে,আখাশর
105,আকাশের,আকাশ ওর
106,আগামিকাল,আগামী
107,"আগুন,","আগুইন,"
108,আগুনে,আগুন-ও
109,আগে,"আগ, আগর, আগে, তনে, তার, দিন"
110,আগে কখনো,এর আগে কুনোদিন
111,আগেই,"আগেই, আগেউ, আছইন"
112,আগের,"আগর, আগের"
113,আচরন,আচরণ
114,আচরনে,আচরণ
115,আঁচল,আঁচল
116,আছ,আছো
117,আছি,রইছি
118,আছে,আছইন
119,আছে ?, আছে নি?
120,"আছে,","আছে,"
121,আছে?,আছে নি?
122,আছেই,আছেউ
123,আছেন,"আছইন, আছোইন, বেটি"
124,আছেন?,আছইন নি?
125,আছো,আছো
126,আছো / আছনি,আসো / আছনি
127,আছো?,"আফনারা?, নি?"
128,আজ,আইজ
129,আজও,ভুলছে
130,আজকাল,আইজকাইল
131,আজকে,আইজকু
132,আজকের,"আইজ, আইজকুর"
133,আজীবন,জীবন
134,আজেবাজে,মাতে
135,আট,আট
136,আটকানো,আটকানি
137,আড়াল,আড়াল
138,আড্ডা,জামাইয়ে
139,আত্মহত্যা,আত্মহত্যা
140,আত্মীয়,কুটুম
141,আদর,"আদর, মায়া"
142,আধুনিক,আধুনিক
143,আনতে,আনতে
144,আনন্দ,মজা
145,আনন্দদায়ক,মজার
146,আনন্দের,আনন্দর
147,আনবা,আনমু
148,আনবো,আনতাম
149,আনলে,আনলে
150,আনালেন,আনাইলা
151,আনে,আনইন
152,আপন,নিজ
153,আপনজন,আফনজন
154,আপনাকে,আফনারে
155,আপনাদের,আফনারার
156,আপনার,আফনার
157,আপনারা,আফনারা
158,আপনারাও,আফনারাও
159,আপনি,আফনে
160,আপু,আফারে
161,আপুকে,আফারে
162,আপেল,আপেল
163,আফসোস,আফসোস
164,আফ্রিকার,আফ্রিকার
165,আবহাওয়টা,আবহাওয়াটা
166,আবহাওয়া,আবহাওয়া
167,আবহাওয়া,আবহাওয়া
168,আবার,আবার
169,আবারো,"আবার, আরখবার"
170,আবেগ,আবেগ
171,আবেগে,আইচ্চে
172,আবেগের,আবেগর
173,আব্বু,আব্বা
174,আম,আম
175,আমগাছ,আমগাছ
176,আমগাছে,আমগাছ-ও
177,আমগাছের,"আমগাছ, গাছ"
178,আমটি,আম
179,আমদের,আমরার
180,আমরা,আমরা
181,আমরাই,আমরাউ
182,আমলের,আমলি
183,আমাকে,আমারে
184,আমাকে , আমারে 
185,আমাকেতো,আমারে
186,আমাকেে,আমারে
187,আমাজন,আমাজন
188,আমাদের,আমরা
189,আমাদেরকে,আমরারে
190,আমায়,রাকিও
191,আমায়,"আমারে, ছাড়িয়া, মানিয়া"
192,আমার,আমার / মোর (context-dependent)
193,আমার ,মোর লগে
194,আমার কিছু,আমার কুনতা
195,"আমার,",আমার
196,আমারই,আমার
197,আমি,আমি
198,"আমি,","আছি,, আমি,"
199,আমিও,"আমিও, মুইও"
200,আমিতো,আমিতো
201,আমের,"আম, আমের"
202,আম্মা,আম্মায়
203,আম্মার,আম্মার
204,আম্মু,"আম্মা, আম্মারে, আম্মায়, মুই, মুর"
205,আম্মুই,আম্মায়
206,আম্মুকে,"আম্মারে, মোর"
207,আম্মুর,আম্মার
208,আয়,আয়
209,আয়োজন,আয়োজন
210,আর,আর
211,আরও,আরো
212,আরম্ভ,আরম্ব
213,আরামপ্রিয়,আরামপ্রিয়
214,আরামে,দিতাম
215,আরে!,আরেহ!
216,আরেক,"আর, আরোখ"
217,আরেকজন,আরোখজনরে
218,আরেকটা,"আরেকটা, আরোখটা"
219,আরেকটু,"আর, আরো"
220,আরো,আরো
221,আর্জেন্টিনা,আর্জেন্টিনার
222,আলহামদুলিল্লাহ,আলহামদুলিল্লাহ
223,আলাদা,"আলাদা, আলেদা"
224,আলো,আলো
225,আলো-হাওয়া,আলো
226,আলোচনা,আলোচনা
227,আল্লাহ,আল্লাহ
228,আল্লাহর,"আল্লার, খুুদার"
229,আশা,আশা
230,আশা দেয়,আশা দেয়
231,আশেপাশে,আশেপাশে
232,আসক্ত,"ডুবি, মগ্ন"
233,আসছে,"আইছলা, আইরা, আইরো"
234,আসতে,আইতে
235,আসবাবপত্র,আসবাবপত্র
236,আসবে,"আইবা, আইবো"
237,আসবে?,আইবো
238,আসবেই,আইবউ
239,আসবেন,যেন
240,আসবো,আইতাম
241,আসল,আসল
242,আসলাম,"আইলাম, আইসি"
243,আসলে,"আইলে, আসলে, আসলেউ, চেহারার"
244,আসলেই,আসলেউ
245,আসলো,ভালা
246,আসা,আওয়া
247,আসার,"আওয়ার, ওর"
248,আসি,আই
249,আসিনি,না
250,আসুন,থাকোউকা
251,আসে,আয়
252,"আসে,তবে"," আয়,"
253,আসেন,আইন
254,আসেনা,না
255,আসেনি,আইছে
256,আসো,আও
257,আহত,আধা
258,আহমেদ,আহমেদ
259,আহা!,হারি
260,আহ্!,এরেহ!
261,ই,চালাইন
262,ইউরোপে,ইউরোপ
263,ইচ্ছা,"ইচ্চা, ইচ্ছা, ইচ্ছাউ, শখ"
264,ইচ্ছায়,ইচ্ছাত
265,ইচ্ছে,ইচ্ছা
266,ইট,ইট
267,ইতিহাস,সব
268,ইদানীং,ইদানীং
269,ইয়ারে,ইয়ারো
270,ইংরেজিতে?,নি?
271,ইলিশ,ইলিশ
272,ইসলামিক,ইসলামিক
273,ঈদ,"ইদ, ঈদ"
274,ঈদে,ইদো
275,ঈদের,ইদর
276,উচিত,উচিত
277,উচ্চ,উচা
278,উচ্চারণ,উচ্চারণ
279,উঠছে,উটের
280,উঠত,যাইতো
281,উঠতে,"উঠতা, উঠতাম, উঠতো"
282,উঠতো,উঠতো
283,উঠল,উটলো
284,"উঠল,","উঠলো,"
285,উঠান,"উটান, উঠান"
286,উঠানে,হুরুুতাইন
287,উঠার,উটিয়া
288,উঠি,উঠি
289,উঠে,"উঠি, উঠিয়া"
290,উঠেই,উঠিয়াউ
291,উঠেছে,উটছে
292,উড়ছে,উড়ের
293,উড়তে,উড়তাম
294,উড়ন্ত,উড়া
295,উত্তম,ভালা
296,উত্তর,উত্তর
297,উত্তরাতে,উত্তরাত
298,উৎসব,উৎসব
299,উদাহরণ,উদাহরণ
300,উনাকে,হুনিয়া
301,উনাদের,"উফরে, নায়"
302,উনার,"তাইনর, তানর, "
303,উনারা,তারা
304,উনি,"তাইন, "
305,উনিশ,উন্নিশ
306,উন্নতি,উন্নতি
307,উপকার,"উফোকার, পারইন"
308,উপকারী,উফকারী
309,উপদেশ,জ্ঞান
310,উপমহাদেশেই,আছে
311,উপযোগী,উপযগি
312,উপর,"উফরে, "
313,উপরহার,উপহার
314,উপরে,
315,উপস্থাপন,চাইছইন
316,উপস্থিত,উপস্থিত
317,উপহার,উপহার
318,উপায়,উপায়
319,উপায়,"উপায়, উফায়, নৌকা"
320,উরাই,উড়াই
321,উরাবো,উড়াইমু
322,উলটে,উল্টাইয়া
323,উল্টা,"আউল, আবার"
324,উল্টো,উলটা
325,উল্টোপাল্টা,উলটাপালটা
326,ঋতুর,ঋতুর
327,এই,অউ
328,এই জিনিষটা,অউ জিনিসটা
329,এইগুলো,"অতা, ইতা"
330,এইচএসসি,এইচএসসি
331,এইটা,"অখটা, অতা, ইকটা, কইয়া"
332,এইটাই,অখটাউ
333,এইটুকু,তুমার
334,এইবার,বার
335,এইভাবেই,ফারে
336,এক,এখ
337,একইদিনে,দিনেউ
338,একজন,এখ
339,একজনকে,এখজনরে
340,একজনের,একগুর
341,একটা,এখটা
342,একটাই,এখটাউ
343,একটানা,এখটানা
344,একটি,এখটা
345,একটু,"এখটু, কম, কমাইয়া, থুরা"
346,একটুও,"আমার, থুরাও"
347,একদম,পুরাপুরি
348,একদমই,এখেবারেউ / এখদম
349,একদল,"একপাল, এখ"
350,একদিন,এখদিন
351,একদিনও,"একদিনও, এখদিনও"
352,একধরনের,ধরনর
353,একবার,এখবার
354,একবারও,এখবারো
355,একমাত্র,খালি
356,একসঙ্গে,একলগে
357,একসময়,এখসময়
358,একসময়ে,এখ
359,একসাথে,সময়ে
360,একা,একলা
361,একাই,এখলাউ
362,একাধিক,লাগে
363,একি,এক
364,একে,"একে,"
365,একেক,এখত
366,একেবারেই,এখেবারেউ
367,একের,এখটার
368,এক্স,এক্স
369,এখন,এখন
370,এখন?,ওখন?
371,এখনই,এখন
372,এখনও,এখনো
373,এখনো,এবো ধরি
374,এখানে,শেষ
375,এগিয়ে,ফিরিয়া
376,এগিয়ে,"আওগাইয়া, আজ্ঞাই"
377,এগিয়েছে,আওগাইছে
378,এগুলো,অতা
379,এটা,হুনার
380,এটার,অটার
381,এটি,ইখটা
382,এড়িয়ে,এড়াইয়া
383,এত,জলদি
384,এতটাও,ওতোও
385,এতে,"এতে, তউ"
386,এতো,এতো
387,এতোই,অতউ
388,এদিকে,"অবায়দি, ইবায়দি, কারেন্ট"
389,এনে,"আনিয়া, এখান"
390,এনেছি,আনছি
391,এনেছে,"আনছইন, আনছে"
392,এপারে,পড়া
393,এবং,আর
394,এবছর,বৎসর
395,এবার,এবার
396,এবারের,ওবার
397,এভাবে,"ওলাউ, ওলায়, লগে, লাগে"
398,এভাবেই,অলাউ
399,এমন,অলা
400,এমনি,এমনে
401,এমনিই,এমনেউ
402,এমনিতেই,এমনেউ
403,এয়ার্পোটে,এয়ারপোর্ট
404,এর,উফরে
405,এরই,এর
406,এরকম,"অতা, অলাখান, আর, ইলান, খরি"
407,এরপর,"এর, এরবাদে"
408,এলাকাতে,এলাকাত
409,এলাকায়,"এলাকাত, এলাকায়"
410,এলাকার,জাগার
411,এলাম,"আইছি, আইলাম, ওবায়, গেলাম"
412,এলে,আইলেও
413,এলোমেলো,"উলটপালট, হকল"
414,এসএসসি,এসএসসি
415,এসব,কিতা
416,এসে,আইওয়
417,এসেই,আইয়াও
418,এসেছি,"আইছি, আইলাম"
419,এসেছিল,আইছিল
420,এসেছে,আইছে
421,এসেছেন,"আইছইন, আইছোইন"
422,ঐ,হউ
423,ঐতিহাসিক,ঐতিহাসিক
424,ঐদিন,হেদিন
425,ও,"আর, ও, ওইলো, ওউ, ওর, খরইন, তাইন, তাাইন"
426,ওই,"চাইছিল, তাইর, ফাও, মুই, মুুইও, হউ"
427,ওইটা,হতা
428,ওকে,"তারে, বাক্কা"
429,ওখানে,হনো
430,ওখানেই,হনউ
431,ওজন,ওজন
432,ওটা,ওয়
433,ওঠে,উঠলো
434,ওতো,অতো
435,ওদের,"এহে, তারার, দেখছি, হেরার"
436,ওনারা,তারা
437,ওয়াসা,ওয়াসায়
438,ওর,"খরি, তান, তার"
439,ওরা,"ওর, তারা"
440,কই,ওই
441,কক্সবাজার,কক্সবাজার
442,কখন,কুন
443,কখনই,কোন সময় ওউ
444,কখনো,না
445,কচি,কচিন
446,কঠিন,"অইয়া, কটিন, কঠিন, জটিল"
447,কত,খত
448,"কতকিছু,","খতকিছু,"
449,কতটা,"কতখান, ভালাপাই?, হুরুতাইন"
450,কতবার,খতবার
451,কতো,"কত, কুনো, খতো"
452,কথা,মাতবায়
453,কথা বলা,মাতা
454,কথা বলার,মাতার
455,কথা?,মাত?
456,কথাই,"কথাউ, খতাউ, মাত"
457,কথাও,মাতও
458,কথাটা,ভালার
459,কথাটি,কথা
460,কথাবার্তা,মাত
461,কথায়,"অউক, খতায়, মাতে, মাতো"
462,কথায়,কিওর
463,কথার,"কইলা, করি, মাতর"
464,কন্যা,ফুড়ি
465,কন্যাকে,"কিন্তু, ফুড়িরে"
466,কন্যার,মোর
467,কন্সিডার,কন্সিডার
468,কপি,এখটা
469,কফি,কফি
470,কবিতা,কবিতা
471,কবুতর,"কইতর, খবুতর, বাক্কা"
472,কবে,কুনদিন
473,কবে?,কবে?
474,কম,"কম, কমতি"
475,কম-বেশি,কমবেশি
476,কমতি,কমতি
477,কমলাপুর,কমলাপুর
478,কমাও,মারো
479,কমানোর,"কমানোর, খমানির"
480,কমায়,আখটায়
481,কমার,"কমার, কমি"
482,কমে,কমি
483,কমেন্ট,ফুড়িন
484,কম্পিউটার,কম্পিউটার
485,কয়,ওগুয়ে
486,কয়টা,বাজে
487,কয়দিন,খয়দিন
488,কয়ে,কইয়া
489,কয়েক,বউত
490,কয়েক,"কয়েক, কয়েকদিন"
491,কয়েকজন,"কতগুয়ে, কতলা"
492,কয়েকটি,"কয়টা, লাকরি"
493,কয়েকদিন,"কয়েকদিন, খয়েকদিন"
494,কয়েকদিন,কতদিন
495,কর?,করার
496,করছ,কররায়
497,করছি,করিয়ার
498,করছিলাম,করছিলাম
499,করছিলো,ধরছিল
500,করছে,করের
501,"করছে,",করছে
502,করছেন,কররা
503,করছো,"কররায়, কিওর"
504,করছো?,"করছো, কররায়?"
505,করত,"করতা, করতো, খরতা"
506,করতাম,"খরতাম, ভাবতাম"
507,করতে,লাগি
508,করতে চাই,করতাম চাই
509,করতে হবে,খরা লাগবো / করা লাগবো
510,করতেও,ইকান
511,করতেছি,করিয়ার
512,করতেছিলাম,অঙ্কত
513,করতেসে,করের
514,করতো,খরতা
515,করব,খরমু
516,করব?,করতাম?
517,করবা,করতায়?
518,করবা?,করবায়
519,করবি,করতে
520,করবে,"করতো, করবা, করবায়, কিতা, খরবা, খরবো, যেন"
521,"করবে,",করবো
522,করবেন,খরইন
523,করবো,খরতাম
524,করবো?,খরতাম?
525,করল,করলো
526,করলাম,"করলাম, লইলাম"
527,করলে,"করলায়, কাশি"
528,করলেন,করলা
529,করলো,"করলো, কর্‌লা, খরলো"
530,করা,খরা
531,করাই,খরাইছি
532,করাটা,খরাটা
533,করাটাই,করাউ
534,করানো,করানি
535,করার,করার
536,করি,খরি
537,করি?,নি?
538,করিনি,কামর
539,করিয়ে,ছাড়িয়া
540,করিস,করিছ
541,করুন,"করইন, খরইন"
542,করে,খরি
543,করে?,খরি?
544,করেই,"কইরাউ, খরিয়াও"
545,করেছি,দিছি
546,করেছিল,"করছইন, করছিলা"
547,করেছিলাম,করছিলাম
548,করেছে, খরছে
549,করেছেন,সমাধান
550,করেন,"কওয়াত, করইন, কাম, খরইন, না, লাগাইন"
551,করেন?,করইন
552,করেনা,"করে, না"
553,করো,খরো
554,করোনায়,করোনার
555,কর্মকর্তা,কর্মকর্তা
556,কর্মরত,কাম
557,কল,কল
558,কল দিবো না,কল দিতাম নায়
559,কলকাতা,কলকাতা
560,কলম,কলম
561,কলমটি,কলম
562,কলেজে,কলেজো
563,কল্পনা,কল্পনা
564,কল্পনা করে,কল্পনা করে
565,কল্পনার,ভাবনার
566,কষ্ট,"কষ্ট, খষ্ট, বড়"
567,কষ্টকর,"কষ্ট'র, কিন্তুক, মুশকিল"
568,কষ্টে,কষ্টে
569,কষ্টের,খষ্টর
570,কসম,কছম
571,কাউকে,"কইয়া, করাত, কাউকে, কাউরে, খেউরে"
572,কাওকে,ইলা
573,"কাকারা,",নিজ
574,কাকে,খারে
575,কাঁচা,"কাঁচা, কাচা, বালা"
576,কাছ,"কাছ, কান্দা, ধার"
577,কাছে,কান্দাত
578,কাজ,"কাজ, কাম, কাম, কামও, খইরা"
579,কাজ ,কাম 
580,কাজকে,কাজরে
581,কাজল,"কাজল, কাজলর"
582,কাজী,কাজী
583,কাজে,"কাজ, কামও, কামে, কামো, লাগি"
584,কাজের,"কামর, কামলা, না"
585,কাজের ,কামর 
586,কাটছেই,লাগের
587,কাটতে,কাটতাম
588,কাটবো,দিতাম
589,কাটাই,কাটাই
590,কাটাকাটি,কাটাকাটি
591,কাটাতো,কাটতো
592,কাটাবো?,কাটাইতাম
593,কাটার,কাটার
594,কাটালাম,কাটাইলাম
595,কাটিয়ে,কাটাইয়া
596,কাটে,কাটে
597,কাঠ,কাঠ
598,কাণ্ড,করছে
599,কাঁদছে,কান্দের
600,কাঁদতে,কান্দার
601,কাঁদানো,কানদানি
602,কান,গুটা
603,কান্না,কান্দা
604,কাপড়ে,কাফরে
605,কাবিনের,মাসে
606,কার,কার
607,কারও,"কারোর, কেউর"
608,কারণ,কারণ
609,কারণও,কারণ
610,কারণে,লাগি
611,কারন,"কারণ, কারন"
612,কারনে,"কারণে, কারনে, তাকি"
613,কারেন্ট,সময়
614,কারো,কারো
615,কাল,"আনা, কাইল"
616,কালকে,কাইল
617,কালাম,কালামও
618,কালো,"একগু, কালা, কুত্তা"
619,কাশতে,কাশতে
620,কাশি,কাওয়ানি
621,কাহিনী,কাহিনী
622,কি,কিতা
623,কি কি,কিতা
624,কি?,"কিতা?, কোন, খরতাম?"
625,কিছু,বহুততা
626,কিছুই,কিচ্চু
627,কিছুক্ষন,বাক্কা
628,কিছুটা,বাক্কা
629,কিছুতেই,কুন্তাত
630,কিছুদিন,"কিছুদিন, কয়দিন"
631,কিছুর,কুন্তার
632,কিডন্যাপ,দিন
633,কিনতে,কিনতে
634,কিনবো,কিনমু
635,কিনল,"কিনছিল, কিনলো, লাগি"
636,কিনা,"কিনা, নাকিতা"
637,কিনে,কিনিয়া
638,কিনেছি,কিনছি
639,কিন্তু,কিন্তু
640,কিপটা,কিপটা
641,কিংবা,বা
642,কিভাবে,"কিলা, কিলান, তেও"
643,কিভাবে?,কিলা?
644,কিসের,কিওর
645,কী,কিতা
646,কীভাবে,কিলা
647,কীসব,কিতা
648,কুকুর,"একগু, কুত্তা, ঘাস"
649,কুকুরটা,কুত্তা
650,কুড়ালটি,কুড়াল
651,কুয়েত,কুয়েত
652,কুয়েতে,কুয়েত
653,কুরবানিতে,কুরবানিত
654,কুল,পাকে
655,কুশল,হকল
656,কে," কে, কেটা?, কেটায়"
657,কে?,লাগে?
658,কেউ,খেউ
659,কেও,"কেউ, খেউ"
660,কেক,"কেইক, খেগর"
661,কেটে,কাটি
662,কেঁটে,কাটি
663,কেঁদে?,কান্দিয়া?
664,কেন,"কিওর, কিতার, কেনে, খেনে"
665,কেন?,"কররায়, কিতার, লাগি?"
666,কেননা,কারণ
667,কেনো,খেনে
668,কেবল,খালি
669,কেমন,কিলান
670,কেমন / কেমন,কেমনে / ভালা (context-dependent)
671,কেরোসিন,খেরাসিন
672,কেল্লার,কেল্লার
673,কোটিপতি,কোটিপতি
674,কোথাও,"কানো, কোন, কোনকানও, জাগাত,"
675,কোথায়,"কুন, কোন, খই, না"
676,কোথায়,"কিতাত, কুয়াই"
677,কোথায়?,খই?
678,কোথায়?,কোন?
679,কোন,কুনো
680,কোনও,কুনো
681,কোনটা,কোনটা
682,কোনটি,কোন
683,কোনটি?,কোনটা?
684,কোনদিন,ইকান
685,কোনদিনও,কোনদিন
686,কোনভাবেই,কুনোমতেউ
687,কোনো,মুই
688,কোনো,কুনো
689,কোনোভাবেই,কোন
690,কোনোমতেই,কুনো
691,কোরতে,করা
692,কোরবানি,কোরবানি
693,কোলে,"কুছো, কুলো"
694,কোলেই,কুলেউ
695,ক্যাচাল,"খেচা, ঝামেলা"
696,ক্রাশের,ক্রাশর
697,ক্রিকেট,ক্রিকেট
698,ক্রিকেট খেলে,ক্রিকেট খেলায়
699,ক্লান্ত,ক্লান্ত
700,ক্লাব,ক্লাব
701,ক্লাস,ক্লাস
702,ক্লাসে,ক্লাস-ও
703,ক্লাসের,ক্লাসর
704,ক্ষতি,"ক্ষতি, খেতি"
705,ক্ষমা,মাফ
706,ক্ষমার,মাফ
707,ক্ষেত্রে,কুন
708,খন,যেব্‌লা
709,খনিজ,খনিজ
710,খবর,"আখতা, খবর"
711,খরচ,"খরচ, খরচা"
712,খাই,খাইছি
713,খাইয়ে,খাওয়াইয়া
714,"খাও,","খাও,"
715,খাও?,খাও
716,খাওয়া,খাওয়া
717,খাওয়া,খাওয়া
718,খাওয়া-দাওয়ার,খানির
719,খাওয়ার,খাওয়ার
720,খাট,খাট
721,খাটো,খাটো
722,খাতা,খাতা
723,খাদ্য,খানি
724,খানিকটা,বাক্কা
725,খাবার,"খাইতো, খানি, খানিটা, খানির, বাইরে"
726,খাবারটি,খানিটা
727,খাবারে,"খানিত, খুব"
728,খাবো,"খাইতাম, খাইমো"
729,খামারে,টার
730,খামারের,খামারর
731,খামে,খাম
732,খায়,খায়
733,খায়,খাইয়া
734,"খায়,","খায়,"
735,খারাপ,"খারাপ, খারাফ, নায়, বাক্কা, বাদ, মান্দা"
736,খালা,খালা
737,খালাতো,ভাই
738,খালামুনিই,খালামণি
739,খালামুনির,খালামণির
740,খালার,"বাসাত, মইর"
741,খিচুড়ি,খিচুড়ি
742,খিদে,"ক্ষুদা, খুদা"
743,"খুঁজছে,",খুজরা
744,খুজে,"আমার, খুজিয়া"
745,খুঁজে,খুজিয়া
746,খুন,নায়
747,খুব,খুব
748,খুবই,খুবঅই
749,খুলে,খুলিয়া
750,খুশি,খুশি
751,খুশী,খুশির
752,খেতে,খানিত 
753,খেতো,তাকি
754,খেয়াল,খেয়াল
755,খেয়ে,অনেখ
756,খেয়ে,খাইয়া
757,খেয়েই,খাইয়াউ
758,খেয়েছ,খাইলায়?
759,খেয়েছি,খাইছি
760,খেয়েছিল?,খাইছিল?
761,খেয়েছেন,খাইছোইন
762,খেয়েছো,খাইছোনি
763,খেলছে,"খেলছে, খেলার"
764,খেলতে,খেলাত
765,খেলবে,খেলবো
766,খেলা,খেলানি
767,খেলাই,খেলাটাউ
768,খেলায়,খেলাত
769,খেলার,খেলার
770,খেলে,"খাইলে, খেলায়"
771,খেলেছি,খেলাইছি
772,খেলোয়াড়,খেলোয়াড়
773,খোঁচা, খোঁচা
774,খোজ,খোঁজ
775,খোঁজ,খোজ
776,খোঁজখবর,খোঁজখবর
777,খোঁজে,খুঁজে
778,খোজেনা,খুঁজে
779,খোটা,খুটা
780,খোলা,খোলা
781,খোলার,খোলা
782,গড়ে,ঘরে
783,গণিত,তুমিতাইন
784,গত,"গত, গতদিন"
785,গতকাল,গতকাইল
786,গনিতে,করাত
787,গভীর,গভীর
788,গয়না,গয়না
789,গরম,"গরম, গরমা, বৃষ্টি"
790,গরমও,গরমও
791,গরমে,গরমো
792,গরমের,গরমর
793,গরিব,গরীব
794,গরীব,গরীব
795,গরীবদের,গরীবর
796,গরু,"গরু, গরুর"
797,গলা,গলা
798,গল্প,গল্প
799,গল্প করে,গফ করে
800,গল্পের,গফ
801,গাই,গাই
802,গাইতে,গাইতে
803,গাও,গাও
804,গাছ,গাছ
805,গাছ!,গাছ
806,গাছগুলো,গাছ
807,গাছগুলোর,গাছ
808,গাছে,"গাছ-ও, গাছো, পানি"
809,গাড়ি,গাড়ি
810,গাড়িটি,গাড়ি ওগু
811,গাড়ির,গাড়ির
812,গাড়ির,গাড়িওগুর
813,গাঁদা-সহ,গাঁদা
814,গান,হান
815,গানগুলো,গান
816,গানটা,"গান, গানটা, ফাইলাম, হুনি"
817,গানটাতে,গান
818,গানটার,গানগুতার
819,গানটি,গান
820,গানে,গান-ও
821,গানের,গান
822,গায়ক,গায়করে
823,গায়ে,গাত
824,গায়ে,গাত
825,গার্লফ্রেন্ড,"গার্লফ্রেন্ড, গার্লফ্রেন্ডর, গাার্লফ্রেন্ডর"
826,গার্লফ্রেন্ডের,বান্ধোবীর
827,গালি,"গাইল, গালি"
828,গালিগালাজ,গালাগালি
829,গিটার,গিটার
830,গিয়ে,গিয়া
831,গিয়ে,"গিয়া, লগ"
832,গিয়েছি,গেছি
833,গিয়েছিল,"গেছিল, হকল"
834,গিয়েছিলাম,গেছলাম
835,গিয়েছিলাম,গেছলাম
836,গিয়েছিলি?,গেছলে নি?
837,গিয়েছিলে?,গেছলায়
838,গিয়েছে,গেছে
839,গিলিয়ে,ওয়
840,গুছিয়ে,গুছাইয়া
841,গুন,গুণ
842,গুরুত্ব,গুরুত্ব
843,গুরুত্বপূর্ণ,গুরুত্বপুর্ণ
844,গুলা,"ইতা, কিছু, মাঝে"
845,গুলি,ইতা
846,গুলো,"গুইন, পালে"
847,গুলোই,ওকল
848,গুলোকে,ফুড়িন্তরে
849,গুলোর,গুইন্তর
850,গেছি,গেছি
851,গেছিলাম,গেছলাম
852,"গেছিলাম,","গেছলাম,"
853,গেছিলেন,গেছলা
854,গেছিলো,গেছিল
855,গেছে,গেছে
856,গেছেন,"গেছইন, গেছোইন, যেতুক"
857,গেছো,গেছো
858,গেঞ্জাম,গেঞ্জাম
859,গেল,গেলো
860,"গেল,","গেলো,"
861,গেলাম,"গেছি, গেলাম, হেছি"
862,গেলে,"গেছে, গেলে"
863,"গেলে,","গেলেগি,"
864,গেলেও,গেলো
865,গেলেন,"গি, গেলা"
866,গেলো,নাকিতা?
867,"গেসে,","গেছে,"
868,গোনা,নাই
869,গোপন,গুফন
870,"গোপন,",গুফন
871,গোল,গোল
872,গোলাপ,"গোলাপ, দিতাম"
873,"গোলাপ,","গোলাপ,"
874,গোসল,গুছল
875,গ্যাপ,গ্যাপ
876,গ্রহে,গ্রহত
877,গ্রাম,গাউ
878,গ্রামপ্রধান,গ্রামপ্রধান
879,গ্রামে,গ্রামো
880,গ্রামের,গাউর
881,ঘটনা,"ঘটনা, সব"
882,ঘটনাটা,ঘটনাটা
883,ঘটনার,ঘটনা
884,ঘটে,"ঘটা, ঘটি"
885,ঘড়,ঘর
886,ঘড়িতে,ঘড়িত
887,ঘড়ীটা,ঘড়িগুতা
888,ঘন,ঘন
889,ঘন্টা,ঘন্টা
890,ঘরটি,ঘরটা
891,ঘরবাড়ী,ঘরবাড়ি
892,ঘরে,"ঘর, ঘর-ও, ঘরও, ঘরো, ফুরিন্তোর"
893,ঘরের,"ঘরর, ঘরের"
894,ঘামে,ঘামে
895,ঘাসে,ওর
896,ঘাসের,ঘাস
897,ঘুড়ি,গুড্ডি
898,ঘুম,ঘুম
899,ঘুমাই,ঘুমাই
900,ঘুমাতে,ঘুমাইতে
901,"ঘুমাবে,",ঘুমাইবো
902,ঘুমায়,"ঘুমাও, ঘুমায়"
903,ঘুমিয়ে,ঘুমাইয়া
904,ঘুমিয়ে,ঘুমাই
905,ঘুরছে,ঘুরিয়া বেড়ার
906,ঘুরতে,পাখানিত
907,ঘুরতে ,পাখানিত 
908,ঘুরবো,ঘুরি
909,ঘুরিয়ে,গুরাইয়া
910,ঘুরে,"গুরিয়া, ঘুরিয়া, পৃথিবী"
911,ঘুরেছি,ফাইছি
912,ঘৃণা,ঘিন্নাই
913,ঘোড়া,ঘোড়া
914,ঘোমটা,ঘোমটা
915,চমৎকার,বেশেবা
916,চল,চল
917,চলছে,চলছিল
918,চলতাসে,চলের
919,চলতে,চলতো
920,চলতেই,চলতোউ
921,চলল,যার
922,চলা,চলা
923,চলার,চলার
924,চলুন,যাউকা
925,চলে,অউ
926,চলে গেছে,গেছে গিয়া
927,চলেছে,গেছে গিয়া
928,চলো,চলোউকা
929,চলোনা,চলোনা
930,চা,চা
931,চাই,চাই
932,"চাই,",চাইন
933,চাইছি,চাইয়ার
934,চাইছে,"চাইছইন, চাইছিল"
935,চাইত,চাইতা
936,চাইতে,"চাইতে, চাওয়া"
937,চাইতো,"করিয়া, চাইতা, চাইতো"
938,চাইবো?,চাইতাম?
939,চাইল,"চাইছিল, চাইলো"
940,চাইলাম,হখানও
941,চাইলে,চাইলে
942,"চাইলে,কোথায়","চাইলে,"
943,চাইলেই,চাইলেউ
944,চাও,চাও
945,চাও?,চাও
946,চাওয়া,চাওয়া
947,চাওয়ার,চাওয়ার
948,চাকরি,চাকরি
949,চাকরির,চাকরির
950,চাচা,চাচা
951,চাচার,চাচার
952,চাচারাও,চাচাইন্তেও
953,চাচ্ছি,"চাইরাম, চাইয়ার, ভালা"
954,চাচ্ছিল,চাইছলা
955,চাঁদ,ছান
956,চাঁদের,মিষ্টি
957,চান,চাইন
958,চানাচুর,চানাচুর
959,চানাচুরওয়ালাকে,চানাচুরআলারে
960,চাপ,চাপ
961,চাপাবাজি,গফ
962,চাবি,চাবি
963,চামচ,চামচ
964,চামুচ,চামচ
965,চায়,চায়
966,চায়,কয়
967,"চায়,","চাইন, চায়,"
968,চার,চাইর
969,চারটায়,চাইট্টাত
970,চারদিকে,চাইরিদকে
971,চারপাশে,চাইরো
972,চালাক,চালু
973,চালানোর,তনে
974,চালিয়ে,চালাইয়া
975,চালিয়ে,চালাইয়া
976,চাষ,চাষ
977,চাষাবাদ,চাষাবাদ
978,চাষী,চাষিয়ে
979,চাষের,চাষের
980,চাস,চাস?
981,চাহিদা,চাহিদা
982,চিঠি,চিঠি
983,চিংড়ি,ইচা
984,চিড়িয়াখানা,চিরিয়াখানা
985,চিৎকার,চিক্কার
986,চিনতে ,চিনতাম পারিয়ার না
987,চিনে,চিনইন
988,চিনেন,চিনইন
989,চিনো ?,চিনো নি?
990,চিনো?,চিনো নি? / চিনতে পারিয়ার না
991,চিন্তা,চিন্তা
992,চুরি,চুরি
993,চুল,চুল
994,চেয়েও,তাকিও
995,চোখ,চউক
996,চোখে,চউকে
997,চোখের,চকুর
998,চ্যাম্পিয়ন,চ্যাম্পিয়ন
999,ছবি,ছবি
1000,ছবিঃ,—
1001,ছবিগুলো,ছবিগুইন
1002,ছবিটি,ছবিটা
1003,ছাড়তে,ছাড়া
1004,ছাড়বেনা,ছাড়তা
1005,ছাড়া,ছাড়া
1006,ছিল,আছিল
1007,ছিলাম,রইছলাম
1008,ছুটি,ছুটি
1009,ছুটির,ছুটির
1010,ছুঁয়ে,ছুয়ার
1011,ছেলে,ফুয়াইন
1012,ছেলেটা,ফুয়াটা
1013,ছেলেটি,ফুয়াটায়
1014,ছেলেদের,ফুয়াইন্তর
1015,ছেলের,ফুয়ার
1016,ছোট,ছুটো
1017,ছোট ,ছুটো 
1018,ছোটবেলার,হুরুকালর
1019,ছোটো,ছোট
1020,ছোট্ট,হুরু
1021,জঙ্গলে,জঙ্গলে
1022,জড়িয়ে,জড়াই
1023,জনপ্রিয়,জনপ্রিয়
1024,জন্মদিন,জন্মদিন
1025,জন্য,লাগি
1026,জবাব,জবাব
1027,জমি,জাগা জমিন
1028,জয়,জিতছে
1029,জরুরি,দরখারি
1030,জানতে,জানলাম
1031,জানাতে,জানাইতে
1032,জানি,এখটা
1033,জানেন?,চিনইন
1034,জিনিষটা,জিনিসটা
1035,জিনিস,জিনিস
1036,জীবন,জীবনে
1037,জীবন ,জীবন 
1038,জীবনটা,জিন্দেগি
1039,জীবনে,জীবনো
1040,জীবনের,জীবনর
1041,জ্ঞান,গিয়ান
1042,ঝগড়া,লাগালাগি
1043,ঝগড়া,মাইর অয়
1044,টাক,টাখলা
1045,টাকা,টেখা
1046,টিকবে,টিকতো
1047,টিভি,টিভি
1048,টেনশনে,আছি
1049,ঠাণ্ডা,ঠান্ডা
1050,ঠিক,ঠিক
1051,ঠিক কথাই,ঠিক কথাউ
1052,ডাক,ডাখ
1053,ডাক্তার,ডাখতর
1054,ডাক্তারের,ডাখতরর
1055,ঢাকা,ঢাকা
1056,ঢাকায়,ঢাকাত
1057,তখনই,হ
1058,তাকিয়ে,চাইয়া
1059,তাড়াতাড়ি,দিন
1060,তাঁদের,ইতার
1061,তার,তার
1062,তাঁর,তাইর
1063,তাঁর ,তার 
1064,তাঁর / তার,তার
1065,তাঁর সব,তাইর হখল
1066,তারা,তারা
1067,তারাগুলি,তারা ওগুন্তে
1068,তাহলে,তাইলে
1069,তিনি,তাইন
1070,তুই,তুই
1071,তুমি,তুমি / তুমারে (context)
1072,তুলতে,তুলা
1073,তো,তো
1074,তোকে,তরে
1075,তোমাকে,তুমারে
1076,তোমাদের,তুমার
1077,তোমায়,তুমারে
1078,তোমার,তুমার
1079,তোমিহীন,তুমি ছাড়া
1080,তোর,তর
1081,তোলতে,তুলতে
1082,থমকে,ভেমটালা লাগিয়া
1083,থাকতাম,থাকতাম
1084,থাকতে,থাকতাম
1085,থাকলে,থাখলে
1086,থাকা,থাকা
1087,থাকার,থাকা
1088,থাকি,"থাকিয়ার,"
1089,থাকে,থাকে
1090,থেকে,থাকি
1091,থেমে,থামিয়া
1092,দম,দম
1093,দয়া,দয়া
1094,দল,দল
1095,দলকে,দলরে
1096,দলের,দল ওকলতোর
1097,দশ,দশ
1098,দাঁড়িয়ে,উবানিত
1099,দাঁত,দাঁতও
1100,দাবি,দাবি
1101,দায়িত্ব,দায়িত্ব
1102,দারওয়ান,দারোয়ান
1103,দিই,দিলাই
1104,দিও,দিওছাইন
1105,দিওনা,দিও না
1106,দিকে,দিকে
1107,দিতে,দিতা
1108,দিন,নি
1109,দিনগুলো,ওকল
1110,দিনেও,দিনও
1111,দিনের,দিনর
1112,দিব,দিতাম
1113,দিবো,দিতাম
1114,দিয়ে,দিয়া
1115,দিয়েছে,দিছে
1116,দিয়েন,দেইন
1117,দিলে,দিলে
1118,দুই,দুই
1119,দুইটি,দুইটা
1120,দুইদিন ,দুইদিন 
1121,দুচোখ,দুই চউক
1122,দুনিয়ার,দুনিয়ার
1123,দুর্বলতা,দুর্বলতা
1124,দূর,দূরই
1125,দূরে,দূরই
1126,দেওয়া,—
1127,দেখছিলাম,দেখাত
1128,দেখতে,দেখতায়
1129,দেখবো,দেখমু
1130,দেখল,দেখলা
1131,দেখলাম,দেখলাম
1132,দেখা,দেখা
1133,দেখা করতে,দেখা করাত
1134,দেখা করতে এসেছিল,দেখা করাত আইছিল
1135,দেখার,দেখার
1136,দেখি,দেখি
1137,দেখি নাই,দেখছি না
1138,দেখে,দেকিয়া
1139,দেখেনি,দেখছে না
1140,দেব,দিমু
1141,দেশ,দেশ
1142,দোকান,দুকান
1143,দোকানে,দুকানো
1144,ধন্যবাদ,ধন্যবাদ
1145,ধরণ,ধরন
1146,ধরলে,ধরিলাইলে
1147,ধরা,ধরা
1148,ধরে,ধরি
1149,ধুতে,ধুয়া
1150,নতুন,নয়া
1151,নতুনরা,নয়া
1152,নদী,ওইলো
1153,নদীর,নদীর
1154,নয়,নায়
1155,না,অই
1156,"না,",ইতা
1157,নাই,না
1158,নাকি,বুলে
1159,নাকি?,
1160,নাচতে,নাচতা
1161,নাটক,নাটক
1162,নাম,নাম
1163,নামক,নাম
1164,নামে,নামে
1165,নিচে,তলে
1166,নিজেই,নিজেউ
1167,নিজেকে,নিজোরে
1168,নিয়ে,লইয়া
1169,নিলাম,নিছলাম
1170,নীল,নীল
1171,নীলে,নীলো
1172,নেই,নাই
1173,নেই / নাহ / না,নায়
1174,নেয়া,লই
1175,পক্ষ,পক্ষ
1176,পছন্দ,পছন্দ
1177,পছন্দের,পছন্দর
1178,পড়তে,পড়তা
1179,পড়তে,পড়তে
1180,পড়বে,ফরবা
1181,পড়লে,ফরলে
1182,পড়ার,যাওয়ার
1183,পড়ালেখা,পড়ার
1184,পড়ালেখা করতে,পড়ালেখা খরতো / পড়ালেখা করতে
1185,পড়াশুনা,পড়ি
1186,পড়ে,পড়িয়া
1187,পথে,পতো
1188,পর,বাদে
1189,পরই,পর
1190,পরকীয়া,পরকীয়া
1191,পরার,পরার
1192,পরিচিত,পরিচিত
1193,পরিবর্তন,বদলি
1194,পরিবর্তন ,বদলি 
1195,পরিবারে,পরিবারো
1196,পরিবারের,পরিবারর
1197,পরে,পিন্দিয়া
1198,পলাতক,ভাগন্তিত
1199,পশু,পশু
1200,পাই,ফাই
1201,পাইতে,পাইতে
1202,পাওয়া,পাওয়া
1203,পাখি,পাখি
1204,পাখির,পাখির
1205,পাঁচ,পাঁচ
1206,পাচ্ছে,ডরাইরা
1207,পাতলা,হাজার
1208,পানি,পানি
1209,পানির,পানির
1210,পাবে না,নায়
1211,পারব,ফারতাম
1212,পারবি?,ফারবে নি?
1213,পারবে,পারবা
1214,পারবেন?,ফারবা নি?
1215,পারলাম,তাই
1216,পারলাম না,পারিয়ার না
1217,পারি,ফারি
1218,পারি?,পারি নি?
1219,পারিনা,ফারিনা
1220,পারিস?,ফারোস নি?
1221,পারে,পারইন
1222,পারেন,ফারোইন
1223,পারেন?,ফারবা নি?
1224,পার্কে,পার্কো
1225,পালন,ফালন
1226,পালাতক,ভাগন্তিত
1227,পাল্লায়,চক্করো
1228,পাশ,পাশ
1229,পাশাপাশি,কান্দাকান্দিত
1230,পাশে,পাশে
1231,পাশের,লাগা
1232,পাহাড়ের,পাহাড়র
1233,পুকুর,পুকোইর
1234,পুকুরে,পুকইরো
1235,পুতুলগুলো,পুতুলগুইন
1236,পুরনো,পুরানা
1237,পুরোটা,ফুরাটা
1238,পূরণ,পুরণ
1239,পৃথিবী,দুনিয়া
1240,"পৃথিবী,",দুনিয়া
1241,পৃথিবীতে,পৃথিবীত
1242,পৃথিবীর,দুনিয়ার
1243,পেছনে,লাইনো
1244,পেয়েছি,পাইছি
1245,পেরেছি,ফারছি
1246,পেলো,পাইলো
1247,পোস্ট,পোস্ট
1248,পোস্টটি,পোস্টটা
1249,প্রতিদান,প্রতিদান
1250,প্রতিদিন,ফত্তেকদিন
1251,প্রথমে,পয়লা
1252,প্রধান,প্রধান
1253,প্রধানত,আসলে
1254,প্রশ্ন,জিকানির
1255,প্রশ্নের,প্রশ্ন'র
1256,প্রস্তুত,প্রস্তুত
1257,প্রায়,বাক্কা
1258,প্রিয়,প্রিয়
1259,প্রেম,পিরিত
1260,প্রেমহীন,পেরেম ছাড়া
1261,প্রেমে,পেরেমো
1262,ফাইল,ফাইল
1263,ফিরে,থাকি আওয়া
1264,ফুটবল,ফুটবল
1265,ফুটবলারগুলি,ফুটবলার ওকল
1266,ফুটবলে,ফুটবলও
1267,ফুটবলের,ফুটবল ওর
1268,ফুল,ফুল
1269,ফুলগুলোর,ফুুল
1270,ফেরত,ফিরত
1271,ফোনে,ফোনে
1272,ফ্রান্স,
1273,বই,বই
1274,বই পড়তে,বই পড়তে / বই পড়ার
1275,বইটি,বইটা
1276,বউ,বউ
1277,বউকে,বউরে
1278,বউয়ের,বউর
1279,বছর,বত্‌শর
1280,বড়,বড়
1281,বড়,বড়
1282,বড়লোক,ধনী
1283,বন্ধ,বন
1284,বন্ধু,বন্ধু
1285,বন্ধুকে,বন্ধুরে
1286,বন্ধুদের,বন্ধুবান্ধব
1287,বন্ধুদের ,বন্ধুরার 
1288,বন্ধুরা,বন্ধুরা
1289,বয়স,বয়স
1290,বলছে,মাতের
1291,বলতে,কইতাম
1292,বলবে,মাতবায়
1293,বলবো,খইতাম নায়
1294,বলার,জিকানির
1295,বলে,দেকিয়া
1296,বলেছিল,কইছলা
1297,বলেছেন,মাতলা
1298,বসবা?,বইবায় নি?
1299,বসে,বই
1300,বাইরে,বাইরে
1301,বাগানে,বাগানো
1302,বাঁচে,"না,"
1303,বাজে,বাদুয়া
1304,বাড়ি,বাড়ি
1305,বাড়ির,বাড়ির
1306,বাথরুমে,বাথরুমে
1307,বানাতে,বানাইতো
1308,বাবা,আব্বা
1309,বাবার,আব্বার
1310,বাবু,বাবু
1311,বার্সেলোনা,বার্সেলোনা
1312,বাংলা,বাংলা
1313,বাংলাদেশ,বাংলাদেশ ওর
1314,বাংলাদেশে,বাংলাদেশো
1315,বাংলাদেশের,বাংলাদেশ ওর
1316,বাংলায়,বাংলায়
1317,বাসায়,বাসাত
1318,বাসার,বাসার
1319,বাস্তব,বাস্তব
1320,বিছানায়,বিছনাত
1321,বিছানায়,বিছনাত
1322,বিদেশে,বিদেশ
1323,বিদ্যালয়, ইস্কুল
1324,বিদ্যালয়ে,ইস্কুলো / ইস্কুল
1325,বিদ্যালয়ের মাঠে,ইস্কুলর মাঠো
1326,বিদ্যুৎ,বিদ্যুৎ
1327,বিবাহ,বিয়া
1328,বিয়ে,বিয়া
1329,বিয়ে ,বিয়া 
1330,বিয়েতে,বিয়াত
1331,বিয়ের,হেঙ্গার
1332,বিরক্তিকর,বিরক্তিকর
1333,বিরক্তিকর ছিল,বিরক্তিকর আছিল
1334,বিরতি,থামি
1335,বিশ্বকাপ,বিশ্বকাপ
1336,বিশ্বসেরা,ওগু বিশ্বসেরা
1337,বিশ্রাম,বিশ্রাম
1338,বিষয়,দরকার
1339,বুকটা,বুকটা
1340,বুকে,বুকুত
1341,বুঝতাম,বুঝতাম
1342,বুঝতে,বুঝতাম
1343,বুঝাবো,বুঝাইতাম
1344,বুঝি,বুজি
1345,বুঝে,বুজইন
1346,বৃষ্টি পড়ে,বৃষ্টি পড়ে
1347,বেকার,বাওটা
1348,বেঁচে,বাঁচিয়া
1349,বের,বারইছিল
1350,বেশ,বাক্কা
1351,বেশি,বেশিদিন
1352,বোতল,বুতল
1353,বোন,বইন
1354,বোনকে,বইনরে
1355,বোনের,বইন ওর
1356,ব্যথা,বেদনা
1357,ব্রাজিল,ব্রাজিল
1358,ব্লগটি,ব্লগটা
1359,ভদ্র,ভদ্র
1360,ভবিষ্যতে,আব্বা
1361,ভবিষ্যতের,ভবিষ্যতর
1362,ভয়,ডর
1363,ভয়ে,"ডরে, বাসাত"
1364,ভরে,ভরি
1365,ভর্তি,"অই, ভর্তি"
1366,ভাই,ভাউ
1367,ভাইকে,ভাইরে
1368,ভাইকেই,ভাইরেউ
1369,ভাইটি,ভাই
1370,ভাইয়া,ভাইয়া
1371,ভাইয়ের,ভাই ওর
1372,ভাইয়েরা,ভাইসাবরা
1373,ভাইয়েরা,ভাইরা
1374,ভাগ,ভাগ
1375,ভাগ্য,ভাইগ্য
1376,ভাগ্যবতী,নাম্বার
1377,ভাজা,ভাজা
1378,ভাজি,ভাজি
1379,ভাত,ভাত
1380,ভান,ভান
1381,ভাবছি,ভাবিয়ার
1382,ভাববে,ভাবতা
1383,ভাববেন,ভাববা
1384,ভাবলাম,ভাবিয়ার
1385,ভাবি,ভাবি
1386,ভাবিও,ভাবছিও
1387,ভাবে,"তাকি, প্রকারে, ভাবে, মাঝে"
1388,ভাবেই,ভাবেউ
1389,ভাব্বো,ভাবিমু
1390,ভারতীয়,ভারতীয়
1391,ভারী,ভারি
1392,ভাল,"অউ, ভালা"
1393,ভাল মত,ভালা মত
1394,ভাল লাগে না,ভালা লাগে না
1395,ভালই,ভালা
1396,ভালবাসতো,ভালা পাইতো
1397,ভালবাসা,"পিরিত, পিরিতর, ভালোবাসা, মিছামিছিরটা"
1398,ভালবাসার,"ভালা, ভালাপাওয়ার"
1399,ভালবাসার ,ভালা পাওয়ার 
1400,ভালবাসি,বালা ফাই
1401,ভালবাসে,ভালা পায়
1402,"ভালবাসে,তখন",ভালাপায়
1403,ভালবাসেন,বালা
1404,ভালবাসো,বালা
1405,ভালবেসে,যাইমু
1406,ভালাে,বালা
1407,ভালো,ভালা
1408,ভালো / ভাল,ভালা
1409,ভালোই,ভালাউ
1410,ভালোবাসত,"ফাইতো, বালা"
1411,ভালোবাসতাম,ভালাপাইতাম
1412,ভালোবাসতে,ভালোবাসা
1413,ভালোবাসতো,পাইতো
1414,ভালোবাসব,ভালাপাইমু
1415,ভালোবাসবি?,ফাইবে নি?
1416,ভালোবাসবো,ভালোবাসমু
1417,ভালোবাসলে,ভালাপাইয়া
1418,ভালোবাসা,ভালোবাসা
1419,ভালোবাসাকে,ভালা
1420,ভালোবাসায়,ভালোবাসাত
1421,ভালোবাসার,ভালোবাসার
1422,ভালোবাসার,ভালাপাওয়া
1423,ভালোবাসি,ভালাপাই
1424,ভালোবাসি,ভালাপাই
1425,ভালোবাসিনি,ভালাপাইছলাম না
1426,ভালোবাসুন,ভালাফান
1427,ভালোবাসে,বালা পায়
1428,ভালোবাসেন?,বালা পাইন নি?
1429,ভালোবাসো,বালা
1430,"ভালোবাসো,তবে","ভালোবাসো,তাইলে"
1431,ভালোবেসে,"পাইলায়, পিরিত, ভালাপাইলাইছি, ভালোবাসিয়া"
1432,ভালোবেসেও,নাম্বার
1433,ভালোভাবে,ভালাভাবে
1434,ভালোর,খালি
1435,ভাষা,ভাষা
1436,ভাষায়,ভাষায়
1437,ভিটামিনের,ভিটামিনর
1438,ভিড়,ভিড়
1439,ভিডিও,ভিডিও
1440,ভিতরটা,ভিতরটা
1441,ভিতরে,ভিতরে
1442,ভুগেছিলেন,ভোগরা
1443,ভুল,ভুল
1444,ভুলতে,ভুলতাম
1445,ভুলবো,ভুলতাম
1446,ভুলবো না,ভুলতাম নায়
1447,ভুলে,না
1448,ভুলেও,ভুল
1449,ভেঙে,ভাঙিয়া
1450,ভেঙেছি,ভাঙছে৷
1451,ভেতরে,ভিতরে
1452,ভেবে,ভাবিয়া
1453,ভেবেই,ভাবিয়াউ
1454,ভেবেছিলেন,ভাবছিলা
1455,মঙ্গল,মঙ্গল
1456,মজা,মজা
1457,মজার,মজার
1458,মত,"তাইন, মত, মতো, মোরে, লাকান, লাখান"
1459,মতন,মতো
1460,মতো,লাখান
1461,মতোই,মতোউ
1462,মদ,মদ
1463,মদ্ধে,মাঝে
1464,মধ্যে,ওর
1465,মধ্যেই,"মাঝে, মাঝেউ"
1466,মধ্যেবিও,মধ্যবিত্ত
1467,মন,মন
1468,"মন,","মন,"
1469,মনটা,মনরে
1470,মনসিক,মানসিকভাবে
1471,মনে,মনে
1472,মনেও,মনউ
1473,মনের,"বুজইন, মনর, মাত, মানুষ"
1474,মনের কথা,মনর কথা
1475,মনোভাব,মনোভাব
1476,মনোযোগ,"মন, মনোযোগ"
1477,মনোরম,সুন্দর
1478,মরে,মরি
1479,মশার,মশার
1480,মহিলা,"দিয়া, বেটি, বেটিন, হউ"
1481,মহিলাকে,নাম্বার
1482,মহিলার,বেটির
1483,মা," আম্মা, আম্মা,, আম্মাত, আম্মায়, মা, মা'য়, মারে, মায়"
1484,মা / আম্মু,আম্মায়
1485,"মা,","আম্মা,"
1486,মাও,আম্মাও
1487,মাকে,আম্মারে
1488,মাছ,মাছ
1489,মাছগুলি,মাছ ওগুন
1490,মাছের,"মাছর, মাছোর"
1491,মাঝখানে,মাঝে
1492,মাঝে,মাঝে
1493,মাঝেমধ্যে,মধ্যে
1494,মাটিতেই,মাটিতেই
1495,মাটির,মাটির
1496,মাঠটা,মাঠ
1497,মাঠে,"মাঠ-ও, মাঠও, মাঠো, মাাঠো"
1498,মাত্র,মাত্র
1499,মাথা,মাথাত
1500,মাথা ঘুরিয়ে পরে গিয়েছিল,মাথা গুরাইয়া পরি গেছিল
1501,মাথায়,"কালে, মনো, যে"
1502,মাধ্যম,মাধ্যম
1503,মাধ্যমে,মাইধ্যমে
1504,মান,মান
1505,মানতে,"নিতাম, মানতাম"
1506,মানলাম,মানলাম
1507,মানলে,মানলে
1508,মানসিক,মানসিক
1509,মানাবে,মানাইবো
1510,মানায়,মানায়
1511,মানিয়েছে,লাগের
1512,মানুষ,মানুষ
1513,মানুষকে,মাইনষরে
1514,মানুষগুলো,মানুষ
1515,মানুষগুলোকে,মানুষরারে
1516,মানুষটা,মানুষগুতা
1517,মানুষটাই,মানুষটাউ
1518,মানুষটাকে,বুঝাটা
1519,মানুষটার,"পড়ি, মানুষটার"
1520,মানুষটি,ওর
1521,মানুষটিকে,মানুষটারে
1522,মানুষদের,মানুষর
1523,মানুষরা,মাইনশে
1524,মানুষের,মানুষর
1525,মানুষেরা,মানুষ
1526,মানুুষ,মানুষ
1527,মানে,মানে
1528,মানের,মান ওর 
1529,মাপজোখ,মাপাজোখ
1530,মাফ,মাফ
1531,মামলা,মামলা
1532,মামলার,মামলার
1533,মামা,মামা
1534,মামাতো,মামাত্তো
1535,মামারা,ওর
1536,মায়া,মায়া
1537,মায়ায়,মায়াত
1538,মায়ায়,মায়াত
1539,মায়ের,"ফালন, মার"
1540,মায়ের,"আম্মার, মা'র, মার"
1541,মার,"আম্মার, করে, মা'র, মানুষর, মার"
1542,মারত,পিটাইতো
1543,মারতে,মারতে
1544,মারবে,মারবো
1545,মারা,গেলো
1546,মারাত্মক,মারাত্মক
1547,মারার,মারার
1548,মারি,মারি
1549,মার্বেল,মার্বেল
1550,মালিশ,লাগি
1551,মাস,মাস
1552,মাংস,"গুস্ত, গোস্ত, মাংস"
1553,মাসে,"খতা, মাসও, মাসে, মাসো"
1554,মাসের,"মাসর, মোর"
1555,মােমবাতি,ছাড়া
1556,মিছিল,মিছিল
1557,মিথ্যা,"মিচা, মিছা"
1558,মিথ্যে,মাতে
1559,মিনু,মিনু
1560,মিরপুরে,মিরপুর-ও
1561,মিল,মিল
1562,মিলাতে,মিলাইতে
1563,মিলিয়ে,মিলাইয়া
1564,মিলে,মিলিয়া
1565,মিশতাম,মিশতাম
1566,মিষ্টি,"মজার, মিষ্টি, সুন্দর"
1567,মুকুল,মুকুল
1568,মুকুলে,মুকুল
1569,মুক্তি,মুক্তি
1570,মুক্তিযুদ্ধের,মুক্তিযুদ্ধর
1571,মুক্তিযোদ্ধা,মুক্তিযুদ্ধা
1572,মুখ,"দেখানির, মুখ"
1573,মুখে,"মানুষটারে, মুক, মুকুত, মুখে"
1574,মুখেই,মুখেউ
1575,মুখের,মুখর
1576,মুগ্ধ,মুগ্ধ
1577,মুগ্ধতায়,মুগ্ধতাত
1578,মুছে,"মুছাইয়া, মুছি"
1579,মুড়ি,মুরি
1580,মুরগি,মুরগি
1581,মুরগির,"মুরগর, মুরুগির, মোরগ"
1582,মুরগী,মুরগি
1583,মুশকিল,মুশকিল
1584,মূল্যবান,"দামী, মূল্যবান"
1585,মূল্যহীন,মূল্যহীন
1586,মৃত্যু,তেও
1587,মৃত্যুকে,মরণরে
1588,মে,যেন
1589,মেকআপ,মেকআপ
1590,মেকআপই,মেকআপ
1591,মেঘনা,মেঘনা
1592,মেঘের,মেঘ ওর
1593,মেটানোর,মিটানির
1594,মেঠো,মাঠ
1595,মেধাবী,খুব
1596,মেনে,"তুমিতাইন, মানি, মানিয়া"
1597,মেয়ে,ফুড়ি
1598,মেয়ে,রাগ
1599,মেয়েও,সমস্যাটা
1600,মেয়েকে,ফুড়িরে
1601,মেয়েটা,তাই
1602,মেয়েটাকে,ফুড়িটারে
1603,মেয়েটার,কিতার
1604,মেয়েটি,ফুড়িটায়
1605,মেয়েটিকে,"গেছিল, থাকে, ফুড়িরে"
1606,মেয়েটির,ফুড়ি
1607,মেয়েদের,"ঘরও, ফুড়িন্তর"
1608,মেয়েদের,"করা, ফুরিন্তোর, ফুড়িন্তর"
1609,মেয়ের,পুরির
1610,মেয়ের,"খরতো, দেয়, ফুুড়ির, ফুড়ির, মাতে, মোরে, যায়, রাজি"
1611,মেয়েরা,ফুড়িন্তে
1612,মেয়েরা,"করতে, তারা, ফুরিন, বালা"
1613,মেয়েরাই,ফুড়িন্তেউ
1614,মেরে,"খোঁচা, মারিয়া"
1615,মেললেই,মেললেউ
1616,মেলা,রঙিন
1617,মেলাতে,মিলাইতে
1618,মেসি,খেলোয়াড়
1619,মেসিকে,মেসিরে
1620,মেহমান,মেমান
1621,মোকাবেলা,মোকাবিলা
1622,মোটা,মুটা
1623,মোবাইল,মোবাইল
1624,মোরগের,মুরগর
1625,মোহনবাগানের,মোহনবাগান ওর
1626,মৌসুমি,মৌসুমী
1627,মৌসুমিকে,মৌসুমীরে
1628,মৌসুমী,"মৌসুমী, মৌসুুমী"
1629,মৌসুমে,মৌসুমো
1630,ম্যাক্সিমাম,ম্যাক্সিমাম
1631,ম্যাচ,ম্যাচ
1632,ম্যাচগুলি,ম্যাচ ওকল
1633,ম্যাচে,ম্যাচও
1634,যখন,যেব্‌লাকু
1635,যখনই,যখন
1636,যত,"যত, যতউ"
1637,যতদিন,যতদিন
1638,যতবার,"গানটা, যতবার"
1639,যতো,যতো
1640,যতোটা,জতটা
1641,যত্ন,যত্ন
1642,যত্নশীল,যত্ন
1643,যথেষ্ট,যথেষ্ট
1644,যদি,যদি
1645,যদিও,যদিও
1646,যা,যা
1647,যাই,যাই
1648,যাই?,যাই
1649,যাইত,যাইতা
1650,যাইতে,"যাইতো, যাওয়া"
1651,যাইতো,যাইতো
1652,যাইনি,না
1653,যাইহোক,যাই
1654,যাও,"ওউ, যাইও"
1655,যাওয়া,যাওয়া
1656,যাওয়া,যাওয়া
1657,যাওয়ার,যাওয়ার
1658,যাওয়ার,"এখলা, তার, পর, যাওয়ার"
1659,যাচ্ছি,যাইয়ার
1660,যাচ্ছিল,কান্দা
1661,যাচ্ছে,"কারেন্ট, যাইরো"
1662,যাচ্ছো,যাইরায়
1663,যাতায়াতের,যাওয়া
1664,যাতে,যাতে
1665,যাদের,যারার
1666,যাদেরকে,কালকে
1667,যান,"গেছোইন, যাইন, যাউকা, যাও"
1668,যাব,"জেগাত, যাইমু"
1669,যাবতীয়,সব
1670,যাবার,যাওয়ার
1671,যাবে,যাইবো
1672,যাবে?,যাইবায়
1673,যাবেন,যাইও
1674,যাবো,"গিয়া, যাইতাম, যাইমু"
1675,যাবোই,ওউ
1676,যায়,মন
1677,যায়,যায়
1678,"যায়,",যায়
1679,"যায়,","যায়,"
1680,যায়?,যায়
1681,যায়না,"যায়, যায়না"
1682,যায়না,যায়
1683,যায়নি,আইজো
1684,যার,যেগুর
1685,যারা,যেরা
1686,যুগ,যুগ
1687,যুগের,যুগর
1688,যে,যে
1689,যেই,যে
1690,যেইটা,যা
1691,যেইটুকু,যতটুক
1692,যেকোনো,যেকুনো
1693,যেখানে,যিনো
1694,যেগুলো,ওতো
1695,যেটি,যেটা
1696,যেটুকু,যেটুক
1697,যেত,"বউত, যাইতো"
1698,যেতাম,যাইতাম
1699,যেতে," যাইতাম, যাইতে, যাইতো, যাওয়া"
1700,যেতে চায় না,যাইতে চায় না
1701,যেতে ভাল লাগে,যাইতে অনেক ভালা লাগে
1702,যেতো,যাইতো
1703,যেদিন,যেদিন
1704,যেন,"যাই, যাতে"
1705,যেভাবে,"যেলা, হলা"
1706,যেমন,"যেমন, যেমলা"
1707,যেয়ো,যাইয়ো
1708,যেহেতু,যেহেতু
1709,যোগান,যোগাইন
1710,যোগাযোগ,"যুগাযুগ, যোগাযোগ"
1711,যোগ্য,"উপযুক্ত, যোগ্য"
1712,যোদ্ধা,যোদ্ধা
1713,যৌথ,যৌথ
1714,যৌবন,যৌবন
1715,রং,রং
1716,"রং,",রঙ
1717,রইল,রইলো
1718,রইলো,রইলো
1719,রওনা,রওয়ানা
1720,রকম,লাখান
1721,রকমের,"ওর, লাকান, হকল"
1722,রক্ত,রখতো
1723,রঙ,রঙ
1724,রঙটি,রঙটা
1725,রঙয়ের,রংগর
1726,রঙিন,রঙিন
1727,রঙের,রঙ ওর
1728,"রজনীগন্ধা,","রজনীগন্ধা,"
1729,রবিবার,রইব্বার
1730,রয়ে,রই
1731,রয়েছে,"ওইছে, খেউরে"
1732,রয়েছে,আছে
1733,রসুন,রসুন
1734,রহমতের,রহমত
1735,রাখছে,জানি
1736,রাখতে,"রাকতে, রাখতা, রাখতাম, রাখতে"
1737,রাখতো,রাখতো
1738,রাখবে,"রাখতো, রাখবো, রাখবো।"
1739,রাখবেন,রাখবা
1740,রাখবো,"রাখতো, রাখমু"
1741,রাখলেই,রাখলেউ
1742,রাখা,রাখা
1743,রাখার,রাখার
1744,রাখুন,রাখোইন
1745,রাখে,"রাখছে, রাখলা, রাখে"
1746,রাখেনি,রাখছইন
1747,রাগ,"গুসা, না, রাগ"
1748,রাগে,গুসা
1749,রাজকুমারির,রাজকুমারির
1750,রাজধানী,রাজধানী
1751,রাজশাহী,রাজশাহী
1752,রাজশাহীতে,রাজশাহীত
1753,রাজি,"না, রাজি"
1754,রাজিনা,না
1755,রাজীব,রাজীব
1756,রাত,রাইত
1757,রাতে,রাইতে
1758,রাতের,"রাইত, রাইতকু, রাত্রে"
1759,রান্না,"কিতা, পাঠাইছইন, রান্দা, রান্না"
1760,রান্নাঘরে,"উবানি?, ফাগঘর"
1761,রান্নার,"মাঞ্জার, রান্দার"
1762,রাশিয়ান,রাশিয়ান
1763,রাস্তা,"রাস্তা, লাগছে"
1764,রাস্তায়,রাস্তাত
1765,রাস্তায়,রাস্তাত
1766,রাস্তার,রাস্তার
1767,রাহাত,রাহাত
1768,রিক্সাতে,রিক্সাত
1769,রিক্সায়,রিক্সা
1770,রিডিং,রিডিং
1771,রিলেশনে,রিলেশনো
1772,রীতিমতো,রীতিমতো
1773,রুমগুলো,রুম
1774,রুমি,রুমি
1775,রেখে,"রাখার, রাখিয়া"
1776,রেখেছি,রাখছি
1777,রেখেছিলেন,রাখছিলা
1778,রেখেছে,ফুরি
1779,রেখো,মনো
1780,"রেখো,","রাখিও,"
1781,রেগে,"খরি, বেমার, রাগি"
1782,রেডিওতে,রেডিওত
1783,রেঁধেছো,রানচো
1784,রেলগাড়ি,রেলগাড়ি
1785,রেললাইনের,রেললাইন
1786,রেলস্টেশন,রেলস্টেশন
1787,রোগা,কুনোসময়
1788,"রোগা,",হুকনা
1789,রোগীকে,"বেমারিরে, রোগীর"
1790,রোগের,করতো
1791,রোজ,রোজ
1792,রোজা,আছলাম
1793,রোদে,রইদও
1794,রোধ,আর
1795,রোনালদো,রোনালদো
1796,রোমান্টিক,রোমান্টিক
1797,লক্ষ্য,লক্ষ্য
1798,লবণ,লবণ
1799,লবন,নুন
1800,লম্বা,লাম্বা
1801,লাইন,লাইন
1802,লাইনে,উবানিত
1803,লাইফ,লাইফ
1804,লাইব্রেরি,লাইব্রেরি
1805,লাউ,"কদু, লাউ"
1806,"লাউ,","লাউ,"
1807,লাকড়ি,কারকানা
1808,লাকড়ির,লাখড়ির
1809,লাগছিল,লাগের
1810,লাগছে,লাগের
1811,লাগত,লাগতো
1812,লাগতো,"লাগতো, লাগলো"
1813,লাগবে,"লাগতো, লাগবো"
1814,"লাগবে,",লাগবো
1815,লাগল,ফাইছি
1816,লাগলে,"পাইলে, লাগলে"
1817,লাগলো,লাগছে
1818,লাগার,লাগার
1819,লাগুক,লাগউক
1820,লাগে,লাগে
1821,লাগে না,লাগের না
1822,"লাগে,","লাগে,"
1823,লাগে?,"লাগে, লাগে?"
1824,লাফ,ফাল
1825,লাফাচ্ছে,ফালার
1826,লাফিয়ে,লাফাইয়া
1827,লাভ,"নাই,, নায়, লাভ"
1828,লাল,লাল
1829,লালবাগ,লালবাগ
1830,লিওনেল,ফুটবল
1831,লিখছেন,লেখছোইন
1832,লিখতে,লেখতা
1833,লিখে,"লেকিয়া, লেখিয়া"
1834,লিখেছেন,লেখছইন
1835,লুকিয়ে,"লুকাইল, লুকাইয়া"
1836,লুচি,"লুচি,"
1837,লেখক,লেখক
1838,লেখা,লেখা
1839,লেখাপড়া,পাকানি
1840,লেখাপড়ার,লেখাপড়ার
1841,লেখার,লেখার
1842,লেখো,লেখো
1843,লেগছে,লাগছে
1844,লেগে,"লাগতো, লাগি"
1845,"লেগেছিল,","লাগছিল,"
1846,লেগেছে,"গেছ, লাগছে"
1847,লেটারে,লেটারো
1848,লোক,"মাইনষে, মানুষ, মোর"
1849,লোকই,অইলো
1850,লোকজন,"মাইনশে, লোকজন"
1851,লোকটা,বেটা
1852,লোকটি,"বেটা, বেটায়"
1853,লোকের,"বেটার, মাইনষের"
1854,লোকেরা,মাইনষে
1855,শক্ত,শক্ত
1856,শক্তিশালী,শক্তিশালী
1857,শখের,শখর
1858,শনি,শনি
1859,শব্দ,শব্দ
1860,শব্দের,শব্দ'র
1861,শরবত,শরবত
1862,শরীর,শরীর
1863,শরীরের,শরীলর
1864,শশা,শশা
1865,শশুরবাড়ি,হৌরবাড়ি
1866,শসার,কিরার
1867,শহর,শহর
1868,শহরে,শহরো
1869,শাড়ি,শাড়ি
1870,শাড়িটা,"শাড়ি, শাড়িটায়"
1871,শাড়িতে,"শাড়িত, শাড়ীত"
1872,শান্ত,"নিরাই, ফাখা"
1873,শান্তি,শান্তি
1874,শার্ট,শার্ট
1875,শাশুড়ি,"লাগি, হড়ি"
1876,শাশুড়িও,হড়িও
1877,শিক্ষকরাও,শিক্ষকরাও
1878,শিক্ষকের,শিক্ষক
1879,শিক্ষার্থী,ছাত্রছাত্রী
1880,"শিক্ষিত,ঢাকায়","শিকখিতো,"
1881,শিখতে,হিকতা
1882,শিখাইছি,হিখাইছি
1883,"শিখুন,","হিকইন,"
1884,শিখেছিলাম,হিকছিলাম
1885,শিম,উরি
1886,শিমের,উরির
1887,শিয়াল,শিয়াল
1888,শিশু,মনা
1889,শিশুটি,বেমারি
1890,শিশুটির,বাড়ির
1891,শিশুদের,বাইচ্চাইন্তোর
1892,শিশুপার্ক,শিশুপার্ক
1893,শিশুরা,বাইচ্চাইন্তে
1894,শীত,শীত
1895,শীতও,টান্ডাও
1896,শীতকালটা,টান্ডাকালটা
1897,শীতের,শীত
1898,শুক্র,শুক্র
1899,শুক্রবার,শুক্রবার
1900,শুক্রবারে,শুক্রবার
1901,শুধরে দিবেন,শুধরাইয়া দিবা
1902,শুধু,খালি
1903,শুধুমাত্র,"আমরার, খালি"
1904,শুনছি,হুনছি
1905,শুনতে,হুনতে
1906,শুনবো,হুনতাম
1907,শুনলে,হুনলে
1908,শুনলেই,"হুনলেই, হুনলেউ"
1909,শুনাতে,হুনাইতে
1910,শুনাবা?,হুনাইবায়
1911,শুনি,"অতীত, হুনি"
1912,শুনিছি,হুনছি
1913,শুনে,"তানরে, মনে, হুনলে, হুনিয়া, হুনিয়াউ, হুনে"
1914,শুনেছি,হুনছি
1915,শুনেন,হুনোইন
1916,শুভ,শুভ
1917,শুভকামনা,শুভ
1918,শুয়ে,হুতি
1919,শুরু,শুরু
1920,শুরুটা,শুরু
1921,শুরুতেই,শুরু
1922,শূন্যতা,অনুভব
1923,শেখ,শেখ
1924,শেখঘাট,শেখঘাট
1925,শেয়ার,শেয়ার
1926,শেষ,শেষ
1927,শেষ?,শেষ
1928,শেষে,শেষে
1929,শোনতেই,হুনলেউ
1930,শোনা,হুনা
1931,শোনার,পর
1932,শোনে,হুনে
1933,শোনো,হুনো
1934,শ্বশুর,হউর
1935,শ্বশুরবাড়ির,হউরবাড়ির
1936,সকল,"হকল, হক্কল"
1937,সকলের,"হকল, হক্কল"
1938,সকাল,সকাল
1939,সকালবেলা,সখালে
1940,সকালে,সখালে
1941,সকালের,সকাইলকুর
1942,সকাালে,সকাইলকু
1943,সঙ্গে,লগে
1944,সঠিক,"করোইন, সঠিক, হাছা"
1945,সতর্ক,সতর্ক
1946,সত্তর,সত্তইর
1947,সত্যি,"ইতা, চকুত, সময়, হাচা, হাছা"
1948,সত্যিই,হাছাউ
1949,সত্যিকার,ইতা
1950,সত্যিকারের,সত্তিকারর
1951,সত্যিটা,সত্তিটা
1952,সত্যের,হাছাহাছির
1953,সদস্যরা,সদস্যরা
1954,সন্তান,"ফুয়া, সন্তান"
1955,সন্তানকে,হুরুতারে
1956,সন্দেহ,সন্দেহ
1957,সন্দেহজনক,সন্দেহজনক
1958,সন্ধান,পাওয়া
1959,সন্ধায়,হাঞ্জাবেলাত
1960,সন্ধ্যায়,সইন্দাকালো
1961,সন্ধ্যায়,আম্মায়
1962,সন্মানের,সম্মানর
1963,সপ্তাহখানেক,সাপ্তাখানেক
1964,সপ্তাহের,সাপ্তার
1965,সফল,সফল
1966,সব,ইতা
1967,সব সময়,হখল সময়
1968,সবকিছু,"সবতা, হকলতা, হখলতা"
1969,সবকিছুই,সবতাউ
1970,সবকিছুতে,হখলতাত
1971,সবকিছুতেই,হকলতাত
1972,সবখান,খরি
1973,সবচেয়ে,সবতাকি
1974,সবচেয়ে,সব চাইতে
1975,সবজি,"বালা, সবজি"
1976,সবজির,সবজি
1977,সবটা,হখলতা
1978,সবসময়,হখল সময়
1979,সবসময়,সময়
1980,সবসময়ে,দিয়া
1981,সবাই,সবে
1982,সবাইকে,"আজেবাজে, হকলরে, হখলরে"
1983,সবার,হখলর
1984,সবুজ,সবুজ
1985,সবে,বছর
1986,সভা,সভা
1987,সভ্যতাকে,সভ্যতারে
1988,সময়,সময়
1989,সময়,সময়
1990,সময়টা,সময়টারে
1991,সময়মতো,"সময়মত, সময়মতোউ"
1992,সময়ে,লাগে
1993,সমর্থন,সমর্থন
1994,সমস্ত,"সম্পত্তি, হখল"
1995,সমস্যা,সমস্যা
1996,সমস্যাটা,জাগাত
1997,সমস্যাটি,খরি
1998,সমস্যায়,সমস্যাত
1999,সমস্যার,সমস্যার
2000,সমাজে,সমাজো
2001,সমাজের,সমাজর
2002,সমাধান,সমস্যাটার
2003,সমান,সমান
2004,সম্পত্তি,"যাইমুগি, সম্পত্তি"
2005,সম্পর্ক,"আর, ওর, খাতির, সম্পর্ক"
2006,সম্পর্কও,সম্পর্কও
2007,সম্পর্কটা,এর
2008,সম্পর্কে,"সম্পর্ক, সম্পর্কত"
2009,সম্পর্কের,সম্পর্কের
2010,সম্পূর্ণ,"ঘটনা, সম্পূর্ণ"
2011,সম্ভব,"যায়, সম্ভব"
2012,সম্মান,সম্মান
2013,সম্মুখীন,মুখামুখি
2014,সরকারি,"সরকারি, সরখারি"
2015,সরল,"খালি, সরল"
2016,সরিয়ে,"খরিয়া, বুজিয়ার, সরাইয়া"
2017,সরিষার,"রান্ধার, সরিষার, সাদা, হাইরোর"
2018,সরে,হরি
2019,সর্দি,সর্দি
2020,সর্দি-কাশি,ভালা
2021,সর্দি-জ্বর,সর্দি
2022,সর্বনাশ,সর্বনাশ
2023,সংসার,সংসার
2024,সংসারে,"সংসারর, সংসারো"
2025,সংসারের,সংসারর
2026,সহ,"বাসাত, লইয়া"
2027,সহজ,সরল
2028,সহজে,সহজে
2029,সহজেই,সহজেউ
2030,সহ্য,সইহ্য
2031,সাইকেল,"চালানির, সাইকেল"
2032,সাইডে,সাইডে
2033,সাগর,"সমুদ্র, সমুদ্রর"
2034,সাজাই,সাজাই
2035,সাজানো,সাজানি
2036,সাজাবো,সাজাইমু
2037,সাজিয়ে,সাজাইয়া
2038,সাড়ে,সাড়ে
2039,সাত,সাত
2040,সাঁতার,"সাঁতার, হাতার"
2041,সাথে, লগে
2042,সাথে ,লগে 
2043,সাথেই,"লগেউ, হখলরে"
2044,সাথেও,লগে
2045,সাদা,সাদা
2046,সাধারণ,আম
2047,সাধারণত,সাধারণত
2048,সাধ্য,সাইদ্ধ
2049,সান্ত্বনা,সান্ত্বনা
2050,সাপ্তাহিক,সাপ্তাহিক
2051,সামনে,"ধারো, সামনে"
2052,সামনের,"সামনে, সামনের"
2053,সামর্থ্যের,সামর্থ্যর
2054,সামলে,সামলাইয়া
2055,সারপ্রাইজ,"চমকাই, সারপ্রাইজ"
2056,সারা,"বছর, সারা, সারাজীবন, সাড়া, হারা, হারাদিন"
2057,সারাক্ষণ,হারা
2058,সারাক্ষন,হক্কলতাত
2059,সারাদিন,হারাদিন
2060,সারারাত,আস্তা
2061,সালাম,সালাম
2062,সাহস,"সাওস, সাহস"
2063,সাহায্য,"সাধ, সাহায্য, হউ, হায়"
2064,সিগারেট,সিগারেট
2065,সিঙ্গেল,সিংগেল
2066,সিদ্ধ,সর্দি
2067,সিদ্ধান্ত,সিদ্ধান্ত
2068,সিনেমা,সিনেমা
2069,সিনেমায়,সিনেমাত
2070,সিন্দুক,সিন্দুক
2071,সিন্দুকের,সিন্দুক
2072,সিলেট,"ফুড়িটায়, সিলেট, সিলেটো"
2073,সিলেট থেকে,সিলেট থাকি
2074,সুখ,সুখ
2075,সুখবর,সুখবর
2076,সুখী,সুখী
2077,সুখে,"ভালা, সুখে"
2078,সুখের,সুখ ওর
2079,সুদান,"থাকি, সুদান"
2080,সুন্দর,সুন্দর
2081,সুন্দরই,অউ
2082,সুন্দরভাবে,সুন্দর
2083,সুন্দরি,সুন্দরী
2084,সুন্দরী,সুন্দরী
2085,"সুন্দরী,","সুন্দরী,"
2086,সুপ,সুপ
2087,সুযোগ,সুযোগ
2088,সুস্থ,"বাক্কা, সুস্থ"
2089,সুস্বাদু,"মজা, মজার"
2090,সু্যোগ,সুযোগ
2091,সৃষ্টি,সৃষ্টি
2092,সে,হে
2093,সেই,হউ
2094,সেইটা,"অটা, লইয়া"
2095,সেইটাই,"তাও, হটাউ"
2096,সেইদিনই,দিন
2097,সেইবার,হবার
2098,সেও,হেও
2099,সেখান,ওখান
2100,সেখানকার,হনোর
2101,সেখানে,হিকানো
2102,সেখানেও,বাধা
2103,সেটা,হিকটা
2104,সেটাই,ওটাউ
2105,সেটি,টেবিল
2106,সেদিন,"হদিন, হেদিন"
2107,সেদিনও,ওদিনও
2108,সেবন,খাইলে
2109,সেবা,সেবা
2110,সেভাবে,উপস্থাপন
2111,সেভাবেই,হলাউ
2112,সেরা,সেরা
2113,সেরেই,রইলাম
2114,সোনার,"সুনার, সোনার"
2115,সোনালী,সোনালী
2116,সোভিয়েত,সোভিয়েত
2117,সোহাগ,সোহাগ
2118,সৌন্দর্যই,সুন্দর
2119,সৌন্দর্যে,সুন্দরতাত
2120,সৌন্দর্যোতা,সুন্দর
2121,স্কুল,ইস্কুল
2122,স্কুলে,স্কুল-ও
2123,স্কুলেই,ইস্কুলো
2124,স্কুলেও,স্কুল-ও
2125,স্টোররুম,"লাগবো, স্টোররুম"
2126,স্টোররুমটি,স্টোররুমটা
2127,স্ত্রী,"নাস্তা, বউ, বউর"
2128,স্ত্রীকে,বউরে
2129,স্ত্রীর,বউর
2130,স্বপ্ন,সফনো
2131,স্বপ্নটা,স্বপ্নটা
2132,স্বপ্নের,সফনর
2133,স্বাগতম,স্বাগতম
2134,"স্বাদহীন,","স্বাদহীন,"
2135,স্বাভাবিক,স্বাভাবিক
2136,স্বাভাবিকভাবে,স্বাভাবিক
2137,স্বামী,"জামাই, জামাইয়ে, জাামাই,"
2138,স্বামীও,জামাইও
2139,স্বামীকে,জামাইরে
2140,স্বামীর,"জামাইর, জামাইরে"
2141,স্বামীরে,জামাইর
2142,স্বার্থপর,স্বার্থপর
2143,স্বীকার,"হাছা, হাছাটা"
2144,স্মার্ট,স্মার্ট
2145,স্মৃতি,স্মৃতি
2146,স্মৃতিগুলো,ঘটনাগুইন
2147,স্লোগান,স্লোগান
2148,হইছে,"অইছে, অইছে?, অউয়ার, ওইছে"
2149,হইত,লাগতো
2150,হইল,অইলো
2151,হইলো,অইলো
2152,হইসি,ওইছি
2153,হওয়া,হাইরোর
2154,হওয়ায়,অওয়ায়
2155,হওয়ার,ওয়ার
2156,হওয়ার,"অউয়ার, অওয়ার"
2157,হচ্ছিল,আছিল
2158,হচ্ছে,অর
2159,"হচ্ছে,","লাগের,"
2160,হঠাৎ,আখতা
2161,হতাশার,হতাশাত
2162,হতে,"অই, অইতো, অইলে, অওয়া, ওইতাম, ওইতেউ"
2163,হতেই,ওইতেউ
2164,হতো,"অইতো, ওইতো"
2165,হব,অইমু
2166,হবার,অওয়ার
2167,হবে,অইবো
2168,হবে?,অইবো নি?
2169,হবেনা,নায়
2170,হবো,অইতাম
2171,হয়,অয়
2172,হয়,"অইছিল, অইন, অয়, অয়, ওয়"
2173,"হয়,","ওয়,"
2174,হয়ছেন,ওইছোইন
2175,হয়ত,মনয়
2176,হয়তো,"কিবা, তো"
2177,হয়তো,হয়তো
2178,হয়না,না
2179,হয়না,না
2180,হয়নি,"না, লাগি"
2181,হয়ে,অই
2182,হয়ে,অই
2183,হয়ে গেছে,ওই গেছে
2184,হয়েও,অইয়াও
2185,হয়েছি,"অইছি, ওইছি"
2186,হয়েছি,হইছি
2187,হয়েছিল,অইছিল
2188,হয়েছিল,"ওইছলায়, হুনিয়া"
2189,হয়েছিলো,—
2190,"হয়েছিলো,",বারইছিল
2191,হয়েছে,ওইছে
2192,হয়েছে,"অইছইন, অইছে, ওইছে"
2193,"হয়েছে,",অইছে
2194,হয়েছে?,ওইছে?
2195,হরিণের,হরিণ
2196,হল,"অইলো, ওইছে"
2197,হলাম,"অইলাম, ওইছি, ওইলাম"
2198,হলুদ,হইলদা
2199,হলে,অইলে
2200,হলেই,"অইলেউ, ওইলেউ"
2201,হলেও,"অইলেও, ওইলেও"
2202,হলেন,ওইলা
2203,হলো,অইলো
2204,হাজার,হাজার
2205,হাজারো,হাজার
2206,হাজির,হাজির
2207,হাঁটছিল,হাটের
2208,হাঁটছে,"আটের, হাঁটের"
2209,হাঁটছেন,হাটরা
2210,হাত,হাত
2211,হাত-মুখ,হাত
2212,হাতখরচই,খরচা
2213,হাতটা,হাত
2214,হাতড়ালেন,হাতাইলা
2215,হাতির,হাত্তির
2216,হাতে,"হতে, হাত, হাত-ও, হাতো"
2217,হাতের,হাত
2218,হাবিব,হাবিব
2219,হার,হার
2220,হারজিত,হারা
2221,হারবো,হারতাম
2222,হারানো,আরাই লাইছইন
2223,হারাবো,হারাই
2224,হারায়,হারাই
2225,হারালে,আরাইলে
2226,হারিয়ে,হারাই
2227,হারিয়ে,আরাই
2228,হারে,হারে
2229,হালকা,থুরা
2230,হাশির,হাসির
2231,হাসছি,হাসছি
2232,হাসতে,আসতে
2233,হাসপাতাল,"খরি, হাসপাতাল"
2234,হাসপাতালে,"আইতাম, আইলাম, হাসপাতাল, হাসপাতাল-ও, হাসপাতালও, হাসপাতালো"
2235,হাসলেন,হাসলা
2236,হাসাহাসি,হাসাহাসি
2237,হাসি,হাসি
2238,হাসিনা,ওখনকুর
2239,হাসির,হাসির
2240,হাসে,হাসে
2241,হাসে না,হাসে না
2242,হাহাকার,বালা
2243,হিসাব,হিসাব
2244,হিসাবে,হিসাবে
2245,হিসেব,হিসাব
2246,হিসেবে,হিসাবে
2247,হীন,ছাড়া
2248,হুমায়ুন,হুমায়ুন
2249,হৃদয়,দেখিয়া
2250,হৃদয়ে,সময়
2251,হৃদয়ের,মনর
2252,হেঁটে,হাটিয়া
2253,হেঁটে যেতে চাই,যাইতাম চাই
2254,হেরে,"হারি, হেরার"
2255,হেসে,মিষ্টি
2256,হোক,অউক
2257,"হোক,",অউক
2258,হোকনা,অউক
2259,হ্যাঁ,"ওয়ও, মাত"
