bangla_speech,sylhet_bangla_speech,zero,,few,COT,context
তোমার আব্বু কেমন আছে?,তোমার আব্বা বালা আছইন নি?,তোয়ার বাবা কেন্না আছেন?,,তোয়ার আব্বু কেমন আছেন?,তোয়ার বাবা কেন্না আছেন?,তুমার আব্বা কিলা আসইন?
আমার বড় বোনের আজকে মন ভালো নেই,আমার বড় বইনর আইজ মন ভালা নায়,মোর বড় বায়নের আজ কাল মন ভাল নাই,,মোর বড় বাইনের আইজকু মন ভালা নায়,আমaar বড় বয়নের আজিক মন ভালা নাই।,মোর বড় বইনর আইজকু মন ভালা নায়।
তুমি কি আমাকে এই কাজটি করে দিতে পারবে?,তুমি কিতা মোরে এই কাজটা করাই দিতা পারবা নি?,তুঁই কি মোরে এ কাজটা করিয়া দিতে পারবি?,,তুমি কি মোর লগে অই কামটা কইরা দিতে পারবি?,তুঁই আমারে এই কাজটা করিয়া দিতে পারবি?,তুমি আমারে অউ কামটা খরিয়া দিতাম পারবায় নি?
এই গরমে বাহিরে বের হতে ইচ্ছা করে না,এই গরমো বাইরে বাইর অইতে জানে কয় না,এ গরমে বাইরে বের হون্তে ইচ্ছা হয় না,,অই গরমো বাইরে বের হون্তা ইচ্ছা যায় না,এই গরমে বাইরে বের হون্তে ইচ্ছা করে না।,অউ গরমো বারে বের অইতে ইচ্ছা খরে না।
তোমার সব কথাই ভুল,তোমার সব মাত ভুল,তোয়ার সব কথাই ভুল,,তোয়ার হারা কথাই ভুল,তোয়ার সব কথা ভুল।,তুমার হখল মাতই ভুল।
তোমার মত খারাপ ছেলে আমি আর একটাও দেখিনি,তোমার মত খারাফ পুয়া মুই আর একটাও দেখছি না,তোয়ার মতন খারাপ ছাইললা মো আর একটাও দেইখু নাই,,তোয়ার মতন খারাপ ফুয়া আমি আর এখটাও দেইখিনি,তোয়ার মতন খারাপ ছাইল আমি আর একটাও দেখিনি।,তুমার লাখান খারাপ ফুয়া মুই আর এখটাউ দেখছি না।
বিয়ের জন্য আম্মা আমার জন্য ছেলে খুজতাসে,বিয়ার লাগি মাই মুর লাগি ফুয়া খুজিরা,বিয়ের লাইগা আম্মা মোর লাইগা ছাইললা খুঁজতাছে,,বিয়ের লাইগা আম্মা মোর লাইগা ফুয়া খুজতাসে,বিয়ের লাইগা আম্মা আমaar লাইগা ছাইল খুঁজতাছে।,বিয়ার লাগি আম্মায় মোর লাগি ফুয়া খুজতার।
আব্বা আমাকে গতকাল একটা ছেলের সাথে দেখা করতে বলেছিল,আব্বা মোরে গতকাল এক ফুয়ার লগে দেখা করতে কইছলা,বাবা মোরে গতকাল এক ছাইলর সাতে দেখা কুর্তে বলছিল,,আব্বা মোরে গতকাল এখটা ফুয়ার লগে দেখা করাত বুলছিল,আব্বা আমারে গতকাল একট্টা ছাইলের লগে দেখা করতে বলছিল।,আব্বা আমারে গতকাইল এখটা ফুয়ার লগে দেখা করাত কইছলা।
ছেলেটিকে আমার একদমই ভালো লাগেনি,ফুয়াটারে মোর একদমই ভালা লাগে নাই,ছাইলট্টা মোর একदमই ভাল লাগে নাই,,ফুয়াটায় মোর একদমই ভালা লাগের নাই,ছাইলট্টা আমaar একদমই ভালা লাগে নাই।,ফুয়াটারে মোর এখেবারেউ ভালা লাগের না।
মেয়েটি গোলাপি রঙের শাড়ি পরে এসেছিল,ফুরিটা গোলাপি রঙের শাড়ি পরিয়া আইছিল,ছোড়ীটা গুলাপি রঙর শাড়ি পরা আসছিল,,ফুইড়্টা/হিনট্টা গোলাপি রংগর শাড়ি পিন্দিয়া আইছিল।,মেইয়ট্টা গোলাপি রঙের শাড়ি পরে আসছিল।,ফুড়িটায় গোলাপি রংগর শাড়ি পিন্দিয়া আইছিল।
আমার দুইদিন পরে বিয়ে হবে,আমার দুইদিন ফরে বিয়া অইবো,মোর দুইদিন পরে বাইর হব,,মোর দুইদিন পরে বিয়া হব।,আমaar দুইদিন পরে বিয়া হব।,মোর দুইদিন বাদে বিয়া অইবো।
ছেলেটি এখন আর বিকালে খেলতে বের হয় না,ফুয়াটা এখন আর বিকালে খেলাত বারয় না,ছাইলটা হুন আর বেলানে খেইল্তে বাইর হয় না,,ফুয়াটা ইবের আর বেলেনা খেইল্তা বের হয় না।,ছাইলট্টা এখন আর বেলাখে খেলতে বের হয় না।,ফুয়াটায় এখন আর বেলাফুরার খেলাত বের অয় না।
মেয়েটি সকালে ঘুম থেকে উঠেই পরতে বসে,ফুরিটা সকালে ঘুম থাকি উঠেই ফরাত বয়,ছোড়ীটা সকালে ঘুম ভাইটা উঠেই পইর্তে বসে,,ফুইড়্টা/হিনট্টা সকালে ঘুম হ্তে উট্তাই পর্দা বসে।,মেইয়ট্টা সকালে ঘুম থেকে উঠেই পরতে বসে।,ফুড়িটায় সকালে ঘুম থাকি উট্টেই পড়াত বইয়া পড়ে।
আমার চাচা বিদেশ থেকে গতকাল বাংলাদেশে এসেছে,আমার চাচা বিদেশ থাকি গতকাল বাংলাদেশে আইছে,মোর চাচা বিদেশ থাইক্যা গতকাল বাংলাদেশে আসছে,,মোর চাচা বিদেশ হ্তে গতকাল বাংলাদেশে আইছে।,আমaar চাচা বিদেশ থেকে গতকাল বাংলাদেশে আসছে।,মোর চাচা বিদেশ থাকি গতকাইল বাংলাদেশে আইছে।
আমার বাসার দারওয়ান অনেক ভালো মানুষ,আমার বাসার দারওয়ান অনেক ভালা মানুষ,মোর বাসার দারবান অনেক ভাল মানষ,,মোর বাড়ির দারওয়ান বহুত ভালা মানষ।,আমaar বাসার দারওয়ান অনেক ভালা মানুষ।,মোর বাসার দারোয়ান বাক্কা ভালা মানুষ।
আমার বন্ধু খুলনা ঘুরতে গিয়েছে,আমার বন্ধু খুলনা বেরানিত গেছইন,মোর বন্ধু খুলনা ঘুড়তে গেছে,,মোর বন্ধু খুলনা ঘুর্দা গেসে।,আমaar বন্ধু খুলনা ঘুরতে গিসে।,মোর বন্ধু খুলনা ঘুরাত গেছে।
আমার ঘুরতে অনেক ভালো লাগে,আমার বেরাইতে অনেক ভালা লাগে,মোর ঘুড়তে অনেক ভাল লাগে,,মোর ঘুর্দা বহুত ভালা লাগে।,আমaar ঘুরতে অনেক ভালা লাগে।,মোর ঘুরাত বাক্কা ভালা লাগে।
আমি বিদেশে গিয়ে অনেক ঘুরতে চাই,মুই বিদেশে গিয়া অনেক বেরাইতে চাই,মুই বিদেশে গিয়া অনেক ঘুড়তে সাই,,আমি বিদেশে গিয়া বহুত ঘুর্দা চাই।,আমি বিদেশে গিয়া অনেক ঘুরতে চাই।,মুই বিদেশে গিয়া বাক্কা ঘুরাত চাই।
তুমি আমাকে বিরক্ত করো না,তুমি মোরে বিরক্ত করবা না,তুঁই মোরে বিরক্ত কিরো না,,তুমি মোরে বিরক্ত খরো না।,তুঁই আমারে বিরক্ত করো না।,তুমি আমারে বিরক্ত খরো না।
তিনি আমাকে অনেক অপমান করেছে,তাইন মোরে অনেক অপমান করছইন,তিনি মোরে অনেক অপমান করছে,,হিন মোরে বহুত অপমান করেসে।,তিনি আমারে অনেক অপমান করছে।,তাইন আমারে বাক্কা অপমান খরছে।
আমার সকালে উঠে বই পরতে অনেক ভালো লাগে,মোর সকালে উঠিয়া বই পরতে অনেক ভালা লাগে,মোর সকালে উঠ্যা বই পড়্তে অনেক ভাল লাগে,,মোর সকালে উট্টা বই পড়্তা বহুত ভালা লাগে।,আমaar সকালে উঠা বই পড়তে অনেক ভালা লাগে।,মোর সকালে উট্ট্যা বই পড়াত বাক্কা ভালা লাগে।
আমার ছোট ভাই একদমই পড়ালেখা করতে চায় না,মোর ছোট ভাই একদমই পড়ালেখা করতে চাইন না,মোর ছোট ভাই একদমই পড়ালেখা কুর্তে সায় না,,মোর छोट भाई एकदमइ पढ়াইলিখা কর্তা চায় না।,আমaar ছুট ভাই একদমই পড়ালেখা করতে চায় না।,মোর ছুটো ভাই এখেবারেউ পড়ালেখা খরতে চায় না।
আমার ছোট ভাই বিদ্যালয়ে যেতে চায় না,মোর ছোট ভাই বিদ্যালয় যাইতে চায় না,মোর ছোট ভাই ইস্কুলে যেতে সায় না,,মোর छोट भाई স্কুলে/ইস্কুলে যান্তা চায় না।,আমaar ছুট ভাই স্কুলে যেতে চায় না।,মোর ছুটো ভাই ইস্কুলো যাইতে চায় না।
আমার ছোট ভাইয়ের বিদ্যালয়ে গিয়ে পড়ালেখা করতে ভাল লাগে না,মোর ছোট ভাইয়র বিদ্যালয়ে গিয়া পড়ালেখা করতে ভালা লাগে নানি,মোর ছোট ভাইর ইস্কুলে গিয়া পড়ালেখা কুর্তে ভাল লাগে না,,মোর छोट ভাইয়ার স্কুলে/ইস্কুলে গিয়া পढ়াইলিখা কর্তা ভালা লাগে না।,আমaar ছুট ভাইয়ার স্কুলে গিয়া পড়ালেখা করতে ভালা লাগে না।,মোর ছুটো ভাইর ইস্কুলো গিয়া পড়ালেখা খরতে ভালা লাগে না।
আমি একদিন বিদ্যালয়ের মাঠে মাথা ঘুরিয়ে পরে গিয়েছিলাম,মুই একদিন বিদ্যালয়ের মাঠো মাথা ঘোরাইয়া ফরি গেছিলাম,মুই অকদিন ইস্কুলর মাঠে মাথা ঘুরাইয়া পড়ে গিছলাম,,আমি এখদিন স্কুলার/ইস্কুলার মাইডে মাথা ঘুরাইয়া পড়া গেসিলাম।,আমি একদিন স্কুলের মাইডে মাথা ঘুরাইয়া পড়ে গিছলাম।,মুই এখদিন ইস্কুলর মাঠো মাথা গুরাইয়া পরি গেছিলাম।
আপনি কি আমাকে কোনদিনও ভালবাসবেন না ?,আফনে কিতা আমারে কোনোদিনও ভালা ফাইতা না,আপনে কি মোরে কুনদিনও ভালবাসবান না?,,ইফনে কি মোরে কুনদিনও ভালাবাসব না?,আপনে কি আমারে কোনদিনও ভালবাসবুন না?,আফনে কি আমারে কুনোদিনউ ভালা পাইবায় না?
আমার বন্ধু আজকে সকালে ফুটবল খেলেছে,আমার বন্ধু আইজকে সকালে ফুটবল খেলছে,মোর বন্ধু আজ সকালে ফুটবল খেইল্লছে,,মোর বন্ধু আজিক সকালে ফুটবল খেইল্লছে।,আমaar বন্ধু আজিক সকালে ফুটবল খেলছে।,মোর বন্ধু আইজকু সকালে ফুটবল খেলছে।
তুমি আমার মনের কথা একদমই বুঝো না,তুমি আমার ভিতরর মাত একদমই বুঝো না,তুঁই মোর মনের কথা একদমই বুঝো না,,तुमि मोर मनर कथा एकदमइ बुझो ना।,তুঁই আমaar মনের কথা একদমই বুঝ না।,তুমি মোর মনর খতা এখেবারেউ বুঝো না।
আমার আম্মু অনেক ভালো রান্না করে,আমার মাই অনেক ভালা রান্দা করইন,মোর আম্মু অনেক ভাল রান্না করে,,মোর আম্মু বহুত ভালা রান্না করে।,আমaar আম্মু অনেক ভালা রান্না করে।,মোর আম্মায় বাক্কা ভালা রান্না খরে।
আমার বন্ধু এখন ঘুমাতে যাবে,আমার বন্ধু এখন হুতনো যাইবো,মোর বন্ধু হুন ঘুমাইতে যাইব,,মোর বন্ধু ইবের ঘুমান্তা যাইব।,আমaar বন্ধু এখন ঘুমাইন্তে যাইব।,মোর বন্ধু এখন ঘুমাইতে যাইবো।
আমার ছোট বোন নাচতে পারে,আমার ছোট বোইন নাচতে ফারে,মোর ছোট বাইনের নাচতে পারে,,মোর छोट बাইন নাচ্তা পারে।,আমaar ছুট বয়ন নাচতে পারে।,মোর ছুট বইন নাচতে পারে।
আমার বন্ধু এইবার ছুটিতে রাজশাহী ঘুরতে যাবে,আমার বন্ধু এবার ছুটিতে রাজশাহী ফাকানিত যাইবো,মোর বন্ধু এইবার ছুটিতে রাজশাহী ঘুড়তে যাইব,,মোর বন্ধু অইবার ছুটিত রাজশাহী ঘুর্দা যাইব।,আমaar বন্ধু এইবার ছুটিতে রাজশাহী ঘুরতে যাইব।,মোর বন্ধু অউবার ছুটিত রাজশাহী ঘুরাত যাইবো।
আমার বন্ধু যাকে ভালবাসে সে রাজশাহী থাকে,আমার বন্ধু যারে ভালা ফায় হে রাজশাহী থাকে,মোর বন্ধু যেইকা ভালবাসে সি রাজশাহী থাকে,,"মোর বন্ধু যেকু ভালাবাসे, হিন রাজশাহী থাকে।",আমaar বন্ধু যারে ভালবাসে সি রাজশাহী থাকে।,মোর বন্ধু যেগুরে ভালা পায় হে রাজশাহীত থাকে।
মেয়েটি রাজশাহী থেকে আমার বড় ভাইয়ের সাথে দেখা করতে এসেছিল,ফুড়িটা রাজশাহী থাকি আমার বড় ভাইয়র লগে দেখা করাত আইছলা,ছোড়ীটা রাজশাহী থাইক্যা মোর বড় ভাইর সাতে দেখা কুর্তে আসছিল,,ফুইড়্টা/হিনট্টা রাজশাহী হ্তে মোর बड़ भाईয়ার লगে দেখা করাত আইছিল।,মেইয়ট্টা রাজশাহী থেকে আমaar বড় ভাইয়ার লগে দেখা করতে আসছিল।,ফুড়িটায় রাজশাহী থাকি মোর বড় ভাইর লগে দেখা করাত আইছিল।
মেয়েটি এখন সিলেট যাবে,ফুড়িটা এখইন সিলট যাইবা,ছোড়ীটা হুন সিলেট যাইব,,ফুইড়্টা/হিনট্টা ইবের সিলেট যাইব।,মেইয়ট্টা এখন সিলেট যাইব।,ফুড়িটায় এখন সিলেট যাইবো।
আমার বড় ভাই এখন তাঁর বন্ধুদের সাথে সিগারেট খায় না,আমার বড় ভাই এখইন হের বন্ধুদের লগে সিগারেট খায় না,মোর বড় ভাই হুন আর তানর বন্ধুদের লগে সিগারেট খায় না,,মোর बड़ भाई ইবের আর হिनর বন্ধুফর লগে সিগারেট খায় না।,আমaar বড় ভাই এখন তাar বন্ধুদের লগে সিগারেট খায় না।,মোর বড় ভাই এখন তাইর বন্ধুরার লগে সিগারেট খায় না।
আপনি কি আমাকে আগে কোনদিন দেখেছেন ?,আফনে কিতা আমারে আগে কোনোদিন দেখছিলানি,আপনে কি মোরে আগে কুনদিন দেইখছেন?,,इफने কি मोरे आगे कुनদিন दैख्खिन?,আপনে কি আমারে আগে কোনদিন দেখছেন?,আফনে কি আমারে আগে কুনোদিন দেখছিন?
আপনি কি আমাকে চিনতে পেরেছেন?,আফনে কিতা আমারে চিনইন নি,আপনে কি মোরে চিনতে পারছেন?,,इफने কি मोरे चिन्ता পারছिन?,আপনে কি আমারে চিনতে পারছেন?,আফনে কি আমারে চিনতাম পারছিন?
ছেলেটি আমাকে চিনতে পারল না,ফুয়াটায় আমারে চিনতে ফারলো না,ছাইলটা মোরে চিনতে পারল না,,फुयाटा मोरे चिन्ता पाड़ल ना।,ছাইলট্টা আমারে চিনতে পারল না।,ফুয়াটায় আমারে চিনতাম পারল না।
মেয়েটি তোমাকে চিনতে পারল না,ফুড়িটায় তোমারে চিনতে ফারলো না,ছোড়ীটা তোমারে চিনতে পারল না,,ফুইড়্টা/হিনট্টা তোরे চিন্তা পারল না।,মেইয়ট্টা তোয়ারে চিনতে পারল না。,ফুড়িটায় তুমারে চিনতাম পারল না।
আমার এখন পড়ালেখা করা উচিত,আমার এখইন ফড়ালেখা করা উচিৎ,মোর হুন পড়ালেখা কুরা উচিত,,মোর ইবের পড়াইলিখা খরার উচিত।,আমaar এখন পড়ালেখা করা উচিত।,মোর এখন পড়ালেখা খরা উচিত।
অনেক রাত হয়েছে এখন আমার ছোট বোন ঘুমাতে যাবে,অনেক রাইত অইছে এখইন আমার ছোট বোইন ঘুমাইতে যাইবো,"অনেক রাইত গেছে, হুন মোর ছুট বাইন ঘুমাইতে যাইব",,"বহুত রাইত গেসে, ইবের মোর छोट बাইন ঘুমান্তা যাইব।",অনেক রাইত হইছে এখন আমaar ছুট বয়ন ঘুমাইন্তে যাইব।,"বাক্কা রাইত অইছে, এখন মোর ছুট বইন ঘুমাইতে যাইবো।"
আমাকে পরিক্ষার আগে সব কিছু নিয়ে পড়ালেখা করতে হবে,আমাকে পরিক্ষার আগে হকল কিছু নিয়া ফড়ালেখা করত অইবো,মোরে ইমতিহানের আগে সব কিছু লইয়া পড়ালেখা কুর্তে হব,,মোরে পরীক্ষার আগে হারা কিতা লইয়া পড়াইলিখা খরতে হব।,আমারে পরীক্ষার আগে সব কিছু নিয়া পড়ালেখা করতে হাইব।,আমারে পরীক্ষার আগে হখল জিনিস লইয়া পড়ালেখা খরা লাগবো।
আমার ছোট ভাই বিদ্যালয়ে গিয়ে বন্ধুদের সাথে গল্প করে,আমার ছোট ভাই বিদ্যালয় গিয়া বন্ধুদের লগে গল্প করইন,মোর ছুট ভাই ইস্কুলে গিয়া বন্ধুদের লগে গল্প করে,,মোর छोट भाई ইস্কুলে গিয়া বন্ধুফর লগে গল্প করে।,আমaar ছুট ভাই স্কুলে গিয়া বন্ধুদের লগে গল্প করে।,মোর ছুট ভাই ইস্কুলো গিয়া বন্ধুরার লগে গফ খরে।
আমার বন্ধু বিদ্যালয়ের মাঠে প্রতিদিন ক্রিকেট খেলে,আমার বন্ধু বিদ্যালয়ের মাঠো ফতিদিন ক্রিকেট খেলইন,মোর বন্ধু ইস্কুলর মাঠে হরদিন ক্রিকেট খেইলে,,মোর বন্ধু ইস্কুলার মাইডে হরদিন ক্রিকেট খেইল্লে।,আমaar বন্ধু স্কুলের মাইডে প্রতিদিন ক্রিকেট খেলে।,মোর বন্ধু ইস্কুলর মাঠো ফত্তেকদিন ক্রিকেট খেলায়।
একটি ছোট শিশু ফুটপাতে লাফাচ্ছে,একটা ছোট বাইচ্চা ফুটপাতে লাফাইরা,একটা ছুট পোলা ফুটপাথে লাফাইতাছে,,এখটা छोट फরফ লাইক্কা ফুটপাথে লাফাইতাছে।,একট্টা ছুট ছাওয়া ফুটপাতে লাফাইতাছে।,এখটা ছুট বাইচ্চা ফুটপাতত ফালার।
আমার বান্ধুবি তার স্বামীকে খুব ভালবাসে,আমার বান্ধবী তার স্বামীরে খুব ভালা ফায়,মোর বন্ধু তার বরক খুব ভালবাসে,,মোর बांधুবी हिनर शोआमरे खूब ভালাবাসे।,আমaar বন্ধু তাar হোবারে খুব ভালবাসে।,মোর বান্ধুবি তাইর জামাইরে খুব ভালা পায়।
আমার স্ত্রী আমাকে ভালোবাসে না,আমার স্ত্রী আমারে ভালা ফায় না,মোর বউ মোরে ভালবাসে না,,মোর बइগ্না/स्त्री मोरे ভালাবাসे ना।,আমaar হোবা আমারে ভালোবাসে না।,মোর বউ আমারে ভালা পায় না।
স্কুল জীবন থেকে আমার ভাইয়ের সাথে তোমার বোনের প্রেম ছিলো,স্কুল জীবন থাকি আমার ভাইয়র লগে তোমার বোইনর প্রেম আছিল,ইস্কুলের জীবন থাইক্যা মোর ভাইর লগে তোয়ার বাইনের প্রেম আসিল,,इস্কुलার जीवन ह्ते मोर भाईयार लगे तोर बाइनर प्रेम आसिल।,স্কুল জীবন থেকে আমaar ভাইয়ার লগে তোয়ার বয়নের প্রেম আসিল。,ইস্কুল জীবন থাকি মোর ভাইর লগে তুমার বইনর পিরিত আছিল।
আমার গতকাল প্রচণ্ড মাথা ব্যথা করছিলো,আমার গতকাইল প্রচন্ড মাথা বেদনা করছিলো,মোর গতকাল খুব মাথা ব্যথা করছিল,,মোর গতকাল खूब माथा बेथा করছিল।,আমaar গতকাল প্রচণ্ড মাথা ব্যথা করছিল।,মোর গতকাইল প্রচণ্ড মাথাত বেদনা করছিল।
আমি তোমার কোন কথা কিছুই বুঝতে পারলাম না,মুই তোমার কোন মাত কিচ্ছুই বুঝতে ফারলাম না,মুই তোয়ার কুন কথা কিছুই বুঝতে পারলাম না,,आमी तोर कुन कथा किच्चुइ बुझ्ता পারলাম ना।,আমি তোয়ার কোন কথা কিছুই বুঝতে পারলাম না।,মুই তুমার কুনো মাত কুনতা বুঝতাম পারলাম না।
তোমার হাশির কাছে আমার সব কিছু হার মেনে যায়,তোমার হাশির কাছে আমার হকল কিছু হার মানিয়া যায়,তোয়ার হাসির কাছে মোর সব কিছু হার মানি যায়,,तोर हासिर लगे मोर हारा किच्चु हार मानि जाय।,তোয়ার হাসির কাছে আমaar সব কিছু হার মেনে যায়।,তুমার হাসির কান্দাত মোর হখল জিনিস হার মানি যায়।
তোমার চোখ দুটো অনেক সুন্দর,তোমার চোউক দুইটা অনেক সুন্দর,তোয়ার আঁখ দুইটা অনেক শুন্নর,,तोर चोख दुইटा बहूत सुन्दर।,তোয়ার চোখ দুইটা অনেক শুন্দর।,তুমার চউক দুখটা বাক্কা সুন্দর।
তোমার সাথে অনেক দিন পর দেখা,তোমার লগে অনেক দিন পর দেখা,তোয়ার লগে অনেক দিন পরে দেখা,,तोर लगे बहूत दिन पर देखा।,তোয়ার লগে অনেক দিন পরে দেখা।,তুমার লগে বাক্কা দিন বাদে দেখা।
ছেলেটি বিদেশে গিয়ে পড়ালেখা করার স্বপ্ন দেখে,ফুয়াটা বিদোশো গিয়া ফড়ালেখা করার স্বপ্ন দেখে,ছাইলটা বিদেশে গিয়া পড়ালেখা কুরার সপ্ন দেইখে,,फुয়াটा बिदेशे गीया पढ़াইলিখा खरार सपनOI देखে।,ছাইলট্টা বিদেশে গিয়া পড়ালেখা করার স্বপ্ন দেখে।,ফুয়াটায় বিদেশে গিয়া পড়ালেখা খরার সফনো দেখায়।
তোমার সাথে কথা বলে আমার অনেক ভালো লাগলো,তোমার লগে মাতিয়া আমার অনেক ভালা লাগছে,তোয়ার লগে কথা বল্যা মোর অনেক ভাল লাগল,,तोर लगे कथा बोला मोर बहूत भला लागল।,তোয়ার লগে কথা বলে আমaar অনেক ভালা লাগল।,তুমার লগে মাত বাইরা মোর বак্কা ভালা লাগলো।
তোমার বন্ধুর সাথে পরিচিত হয়ে ভালো লাগলো,তোমার বন্ধুর লগে পরিচত হইয়া ভালা লাগলো,তোয়ার বন্ধুর লগে পরিচিত হুইয়া ভাল লাগল,,तोर बन्दुर लगे परिचित हुआ भला लागল।,তোয়ার বন্ধুর লগে পরিচিত হইয়া ভালা লাগল।,তুমার বন্ধুর লগে পরিচিত অইয়া ভালা লাগলো।
আমার আব্বু আর চাচার মধ্যে জায়গা জমি নিয়ে ঝগড়া হয়,আমার আব্বু আর চাচার মধ্যে জায়গা জমি নিয়া মাইর অয়,মোর বাবা আর চাচার মাঝখানে জায়গা জমি লইয়া ঝগড়া হয়,,मोर आब्बु आर चाचार माज्जे जायगा जमिन लैয়া झगड़ा हय।,আমaar আব্বু আর চাচার মধ্যে জায়গা জমি নিয়া ঝগড়া হয়।,মোর আব্বা আর চাচার মাঝে জাগা জমিন লইয়া ঝগড়া অয়।
লোকটি কিছু দিন আগে বিয়ে করেন,লোকটা কিছুদিন আগে বিয়া করছইন,মানষটা কতক দিন আগে বাইর কুরছে,,मानषटा कुछ दिन आगे बिया करসে।,লোকট্টা কিছুদিন আগে বিয়া করছে।,বেটাটা কুনতা দিন আগে বিয়া করছিন।
প্রথমে তোমাকে একটি বইয়ের দোকানে যেতে হবে,প্রথমে তোমাকে একটা বইয়ের দোখানো যাইতে হইবো,পহিলে তোমারে এক বইর দোকানে যাইতে হব,,आगे तोरे एखटा किताबर दोकানो जান্তा हाबे।,প্রথমে তোয়ারে একট্টা বইনের দোকানে যাইতে হাইব।,পয়লা তুমারে এখটা বইর দুকানো যাওয়া লাগবো।
বেশি কিছু বলার আগেই আবেগে চোখে পানি চলে আসছে,বেশি কিছু বলার আগেই আবেগে চোউক এর ফানি চলে আইতেছে,বেশি কিছু বলার আগেই আবেগে আঁখে পানি আইতাছে,,बेसी किच्चु बोलार आगुइ आबेगे चोखे पानी चुला आइতাছে।,বেশি কিছু বলার আগেই আবেগে চোখে পানি চলা আসতাছে।,বেশিতা মাতবার আগেউ আবেগে চকুত পানি আইরা অর।
আপনার বন্ধুদের গালি দেওয়ার সুযোগ করে দিন,আফনার বন্ধুদের গালি দেওয়ার সুযোগ কইরা দিন,আপনার বন্ধুদের গালি দিওয়ার সুযোগ কুরা দিন,,अफ्नार बन्दुফरे गाली देवार सुइज्जो करा दियেন।,আপনার বন্ধুদের গালি দেইওয়ার সুযোগ করিয়া দিন।,আফনার বন্ধুরারে গালি দেওয়ার সুযোগ খরিয়া দেইন।
অনেক মানুষ এখনো পেছনে লাইনে দাঁড়িয়ে আছে,অনেক মানুষ এখোনো পেছনো লাইনো দাঁড়িয়া আছইন,অনেক মানষ হুনো পাছের লাইনে দাঁড়িয়া আছে,,बहूत मानष इबेरो पিছনে लाइনে डाड़াইয়া आसे।,অনেক মানুষ এখনো পাছনে লাইনে দাঁড়িয়া আচে।,বাক্কা মানুষ এবো ধরি পিছনে লাইনো উবানিত রইছে।
একজন মহিলা মারা গেছেন,একজন বেডি মারা গেছইন,একজন মানষ মারা গেছেন,,एक्ता बेइला मारा गেসেন।,একজন মাইয়া মারা গেসে।,এখজন বেটি মারা গেছিন।
আপনি এত গরীব আগে কেন বলেননি,আফনি এত গরীব আগে কেনে কইলা না,আপনে এত গরিব আগে কিনা বলনাই?,,इफने ऐतन गरीब आगे किन बोलসिन ना?,আপনে এত গরিব আগে কিনা বলছিনা?,আফনে অইত গরীব আগে কিয়েন কইছলাইন না?
তুমি ছাড়া এই পৃথিবীতে আমার আর কেউ নেই,তুমি ছাড়া এই পৃথিবীতে আমার আর কেউ নাই,তুঁই ছাড়া এই দুনিয়াত মোর আর কেউ নাই,,तूं बादा ऐ दुनियात मोर आर खौन नाइ।,তুঁই ছাড়া এই পৃথিবীতে আমaar আর কেউ নাই।,তুমি ছাড়া অউ দুনিয়াত মোর আর খেউ নাই।
আমি আগেই বলেছি তোমাকে নিয়ে বিদেশ ঘুরতে চাই,মুই আগেই কইছলাম তোমারে নিয়া বিদেশ ফাকাইতে চাই,মুই আগেই বলছি তোমারে লইয়া বিদেশ ঘুড়তে সাই,,आमी आगुइ बोलसি तोरे लैया बिदेश घुर्ता चाई।,আমি আগেই বলছি তোয়ারে নিয়া বিদেশ ঘুরতে চাই।,মুই আগেউ কইছলাম তুমারে লইয়া বিদেশ ঘুরাত চাই।
আমার আম্মু আমাকে সবার সামনে মারতে মারতে বাসায় নিয়ে আসে,আমার আম্মা আমাকে হকলের সামনে মারতে মারতে বাসাত নিয়া আইছে,মোর আম্মু মোরে হরকের সামনে মারতে মারতে বাসায় লইয়া আসে,,मोर आम्मु मोरे हारर सामने मार्तা मार्ता बাড়ি लैया आसे।,আমaar আম্মু আমারে সবার সামনে মারতে মারতে বাসায় নিয়া আসে।,মোর আম্মায় আমারে সবর সামনে মারতে মারতে বাসাত আনিয়া আয়।
আপনি কি জানেন এখানে অনেক ছেলে কমেন্ট পড়তে আসবে,আফনি কিতা জানেন এখানে অনেক ফুয়াইন কমেন্ট ফরাত আইবা,আপনে কি জানেন হেঁটায় অনেক ছাইল কমেন্ট পড়তে আসিব?,,"इफने কি जानন, इयাত बहूत फुया कमेन्ट पর্দा आइब?",আপনে কি জানেন এখানে অনেক ছাইল কমেন্ট পড়তে আসিব?,আফনে কি চিনইন ওনো বাক्कা ফুয়া কমেন্ট পড়াত আইবো?
আবেগের ভালোবাসা কাউকে দেওয়া উচিত না,আবেগর ভালোবাসা কাউকে দেওয়া উচিৎ না,আবেগর ভালবাসা কুকুরে দিওয়া উচিত না,,আবেগর ভালাবাসা खौनকু देवार উচিত ना।,আবেগের ভালোবাসা কাউকেও দেইওয়া উচিত না।,আবেগর ভালোবাসা খেউরে দেওয়া উচিত নায়।
একদিন বিবেকের কাছে আবেগের ভালোবাসা হেরে যাবে,একদিন বিবেকের কাছে আবেগর ভালোবাসা হারিয়া যাইবো,অকদিন বিবেকর কাছে আবেগর ভালবাসা হেরে যাইব,,एकদিন बिवेकेर लगे আবেগर ভালাবासा हारि जाइब।,একদিন বিবেকের কাছে আবেগের ভালোবাসা হেরে যাইব।,এখদিন বিবেকর কান্দাত আবেগর ভালোবাসা হেরে যাইবো।
আমার মনের ভালোবাসা চিরদিন তোমার জন্য থেকে যাবে,আমার মনের ভালোবাসা চিরদিন তোমার লাগি থাইকা যাইবো,মোর মনের ভালবাসা চিরদিন তোয়ার লাইগা থাইক্যা যাইব,,मोर मनर ভালাবासा चिरदिन तोर लाइगा रैया जाइब।,আমaar মনের ভালোবাসা চিরদিন তোয়ার লাইগা থাকিয়া যাইব।,মোর মনর ভালোবাসা চিরদিন তুমার লাগি থাকি যাইবো।
জীবনে একা একা পথ চলা অনেক কঠিন,জীবনে একলা একলা ফথ চলা অনেক কঠিন,জীবনে একা একা পথ চলা অনেক কষ্টর,,जीवनत एका एका बाट छुला बहूत कठिन।,জীবনে একা একা পথ চলা অনেক কঠিন।,জীবনো একলা একলা পথ চলা বাক্কা কষ্টর।
আমার জীবন আমি তোমাকে নিয়ে বাঁচার জন্য দিব,আমার জীবন মুই তোমারে নিয়া বাঁচার লাগি দিমু,মোর জীবন মুই তোমারে লইয়া বাচার লাইগা দিমু,,मोर जीवन आमि तोरे लैया बांचार लाइগा दिमु।,আমaar জীবন আমি তোয়ারে নিয়া বাঁচার লাইগা দিমু।,মোর জীবন মুই তুমারে লইয়া বাঁচার লাগি দিমু।
আমার ভালবাসা দিয়ে সারাজীবন তোমার পাশে থাকতে চাই,আমার ভালুবাসা দিয়া হারাজীবন তোমার লগে থাকতে চাই,মোর ভালবাসা দিয়া সারাজীবন তোয়ার পাশে থাইক্তে সাই,,मोर ভালাবাসা दिया हरजिंदगी तोर पাশे रहन्ता चाई।,আমaar ভালোবাসা দিয়া সারাজীবন তোয়ার পাশে থাকতে চাই।,মোর ভালোবাসা দিয়া সারাজীবন তুমার পাশে থাকতাম চাই।
তোমাকে কি করে বুঝাবো তোমাকে কতটা ভালবাসি?,তোমাকে কি করে বুঝাইমু তোমারে কতটা ভালো ফাই?,তোমারে কি কইরা বুঝামু তোমারে কতটা ভালবাসি?,,तोरे की कैरा बुझাইমু तोरे कित्ता ভালাবাসি?,তোয়ারে কি করিয়া বুঝামু তোয়ারে কতটা ভালোবাসি?,"তুমারে কিলা খরি বুঝাইতাম, তুমারে কিত্তা ভালা পাই?"
আপনাকে দেখে আমি দেখে থমকে দারিয়ে ছিলাম,আফনারে দেইখ্খা মুই দেইখ্খা থমকে উবানিত আছলাম,আপনারে দেইখ্যা মুই দেইখ্যা থমক্যা দাড়াইয়া আছলাম,,इफ्नरे दैख्या आमि दैख्या थमिका डाड़াইया आसलাম।,আপনারে দেখিয়া আমি দেখিয়া থমকে দাড়াইয়া আছলাম।,আফনারে দেকিয়া মুই দেকিয়া ভেমটালা লাগিয়া উবাই রইছলাম।
আপনি খুব কষ্টে নিজেকে সামলে নিয়েছেন,আফনি খুব কষ্টে নিজরে সামলে নিয়াছইন,আপনে খুব কষ্টে নিজেকে সামলে নিছেন,,इफने खूब कष्टे निज्जोके सामला लইছिन।,আপনে খুব কষ্টে নিজেকে সামলে নিয়াছেন।,আফনে খুব কষ্টে নিজোরে সামলাইয়া নিছইন।
আমার বান্ধুবি কিছু ভাবতে পারেনা আপনাকে ছাড়া,আমার বান্ধবী কিচ্ছু ভাবতে ফারে না আফনাকে ছাড়া,মোর বন্ধু কিছু ভাবতে পারে না আপনারে ছাড়া,,मोर बांधুবी किच्चु भাব्ता पारे ना इफ्नरे बादा।,আমaar বন্ধু কিছু ভাবতে পারে না আপনারে ছাড়া।,মোর বান্ধুবি কুনতা ভাবতাম পারে না আফনারে ছাড়া।
আমার বন্ধু কিছু লিখতে পারেনা আপনার নাম ছাড়া,আমার বন্ধু কিচ্ছু লিখতে ফারে না আফনার নাম ছাড়া,মোর বন্ধু কিছু লিখতে পারে না আপনarrer নাম ছাড়া,,मोर बन्दु किच्चु लिख्ता पारे ना इफ्नर नाम बादा।,আমaar বন্ধু কিছু লিখতে পারে না আপনার নাম ছাড়া।,মোর বন্ধু কুনতা লিখতাম পারে না আফনার নাম ছাড়া।
আপনাকে ভালোবাসি এই কথাটি বলা বাকি,আফনারে ভালাফাই এই কথাটি বলার বাকি,আপনারে ভালবাসি এই কথাটা বলা বাকি,,"इफ्नरे ভালাবासी, ऐ कथাটा बोला बाकি।",আপনারে ভালোবাসি এই কথাট্টা বলা বাকি।,"আফনারে ভালা পাই, অউ খতাটা মাতলা বাকি।"
আমার আব্বুর খুব গরম লাগছে,আমার বাফর খুব গরম লাগছে,মোর বাবার খুব গরম লাগতাছে,,मोर आब्बुर खूब गरम लागতাছে।,আমaar আব্বুর খুব গরম লাগতাছে।,মোর আব্বার খুব গরম লাগের।
আমার ছোট বোনের গরম লাগছে,আমার ছোট বোইনর গরম লাগছে,মোর ছুট বাইনের গরম লাগতাছে,,मोर छोट बाइनर गरम लागতাছে।,আমaar ছুট বয়নর গরম লাগতাছে।,মোর ছুট বইনর গরম লাগের।
এই শিশুটির অনেক ঠাণ্ডা লাগছে,এই শিশুটার অনেক ঠান্ডা লাগসে,এই পোলাটির অনেক ঠাণ্ডা লাগতাছে,,ऐ फरफট्टার बहूत ठंडा लागতাছে।,এই ছাওয়ারট্টার অনেক ঠাণ্ডা লাগতাছে।,অউ বাইচ্চাটির বাক্কা ঠান্ডা লাগের।
আমার বন্ধুর খুব মন খারাপ,আমার বন্ধুর খুব বিতর খারাফ,মোর বন্ধুর খুব মন খারাপ,,मोर बन्दुर खूब मन खारাপ।,আমaar বন্ধুর খুব মন খারাপ।,মোর বন্ধুর খুব মন খারাফ।
আম্মু আমার জন্য নীল শাড়ি কিনে এনেছে,মাই আমার লাগি নীল শাড়ি কেনিয়া আনছইন,আম্মু মোর লাইগা নীল শাড়ি কিনা আনছে,,आम्मु मोर लाइगा नील शाड़ी किना आनছে।,আম্মু আমaar লাইগা নীল শাড়ি কিনা আনছে।,আম্মায় মোর লাগি নীল শাড়ি কিনিয়া আনছইন।
আমি আমার বন্ধুকে একটি লাল গোলাপ কিনে উপহার দিয়েছি,মুই আমার বন্ধুকে একটা লাল গোলাফ কিনিয়া উপহার দিয়াছি,মুই মোর বন্ধুক একটা লাল গুলাপ কিনা উপহার দিছি,,आमि मोर बन्दुre एक्टा लाल गुलाफ किना उपहार दिसि।,আমি আমaar বন্ধুরে একট্টা লাল গোলাপ কিনা উপহার দিছি।,মুই মোর বন্ধুরে এখটা লাল গোলাপ কিনিয়া উপহার দিছি।
আমি আমার স্বামীর সাথে বিকালে পার্কে ঘুরতে যাব,মুই আমার স্বামীর লগে বিয়ানে পার্কে ফাকানিত যাইমু,মুই মোর বরর লগে বেলানে পার্কে ঘুড়তে যামু,,आमि मोर शोआमर लगे बेलेना পার्के घुर्ता जामु।,আমি আমaar হোবার লগে বেলাখে পার্কে ঘুরতে যামু।,মুই মোর জামাইর লগে বেলাফুরার পার্কো ঘুরাত যামু।
কাউকে ভালোবাসা দেওয়াতেই বেশি আনন্দ লাগে আমার,কাউকে ভালোবাসা দেওয়াতেই বেশি কুশি লাগে আমার,কুকুরে ভালবাসা দিওয়াতেই বেশি আনন্দ লাগে মোর,,खौनকु ভালাবাসा देवारेइ बेसी आनन्द लागे मोर।,কাউকেও ভালোবাসা দেইওয়াতেই বেশি আনন্দ লাগে আমaar।,খেউরে ভালোবাসা দেওয়াতেউ বেশী আনন্দ লাগে মোর।
"যদি তুমি আমার কাছে ফিরে আস ,তবে তাকে ছেড়ে দাও","যদি তুমি আমার কাছে ফিরে আসো, তবে তাকে ছেড়ে দাও","যদি তুঁই মোর কাছে ফিরা আস, তবে তারে ছেড়া দিয়া দে",,"जदि तुमि मोर लगे फिरा आश, तब्बो हिनre छेड़ा दियাও।","যদি তুঁই আমaar কাছে ফিরা আস, তবে তাারে ছেড়ে দে।","যদি তুমি মোর কান্দাত ফিরা আইয়া আও, তাইলে তাইরে ছাড়িত্তে দিয়া।"
সে তোমার জন্য সব কিছু করতে পারে,সে তোমার লাগি সব কিছু করতে ফারে,সি তোয়ার লাইগা সব কিছু কুরতে পারে,,हिन तोर लाइगा हरा किच्चु खर्ता पारे।,সি তোয়ার লাইগা সব কিছু করতে পারে।,হে তुमার লাগি হখল জিনিস খরতা পারে।
আপনি যে মানুষটিকে ভালবাসবেন তাকে যদি না বুঝতে পারেন তাহলে আপনার এই প্রেমের কোনো অর্থ নেই,আফনি যে মানুষটাকে ভালাফাইবেন তাকে যদি না বুঝবার ফারইন তাহলে আফনার এই প্রেমের কোনো অর্থ নাই,আপনে যে মানষট্টাকে ভালবাসবান তারে যদি না বুঝতে পারেন তাহলে আপনের এই প্রেমর কুনো অর্থ নাই,,"इफने जे मानषट्टারে ভালাবासब्बो, हिनre जदि ना बुझ्ता पारেন, ताइल्ला इफ्नर ऐ प्रेमर कुन अर्थ नाइ।",আপনে যে মানুষটারে ভালোবাসবুন তাারে যদি না বুঝতে পারুন তাহলে আপনার এই প্রেমের কোন অর্থ নাই।,"আফনে যেগু মানুষরে ভালা পাইবায়, তাইরে যদি না বুঝতাম পারবায়, তাইলে আফনার অউ পেরেমর কুনো অর্থ নাই।"
আপনি নিজে অসুখী হয়ে কিভাবে অন্যকে ভালোবেসে সুখী করবেন,আফনি নিজে অসুখী হয়ে কিলা অন্যকে ভালোবাসিয়া সুখী করবা,আপনে নিজে অসুখী হুইয়া কিভাবে অন্যটাকে ভালবাসি সুখী করবান?,,इफने निज्जे असुखी हुआ कैवन अइनকु ভালाबैसी सुखी खरब्बेन?,আপনে নিজে অসুখী হইয়া কিভাবে অন্যরে ভালোবেসে সুখী করবুন?,আফনে নিজেউ অসুখী অইয়া কিলা আন্যেরে ভালা পাইয়া সুখী খরবায়?
তুমি কারো জীবনে সুখ এনে দেবে এই ভেবে তোমার প্রেম করা উচিত,তুমি কারো জীবনে সুখ এনে দিবা এই ভেবে তোমার প্রেম করা উচিৎ,তুঁই কারো জীবনে সুখ আনিয়া দিব এই ভাব্যা তোয়ার প্রেম কুরা উচিত,,"तुमि खरर जीवनत सुख आना दिब्बो, ऐ भাবিয়া तोर प्रेम खरार উचित।",তুঁই কারোর জীবনে সুখ আনিয়া দিবি এই ভাবিয়া তোয়ার প্রেম করা উচিত।,"তুমি কারো জীবনো সুখ আনিয়া দিবায়, অউ ভাবিয়া তুমার পিরিত খরা উচিত।"
আপনার মনের কথা গুলো আমাকে আজ খুলে বলুন,আফনার মনের মাত গুলা আমকে আজ খুলিয়া বলুন,আপনার মনের কথা গুলা মোরে আজ খুলা বলুন,,इफ्नर मनर कथा फतারা मोरे आज खुला बोलুন।,আপনার মনের কথাগুলা আমারে আজ খুলা বলুন।,আফনার মনর খতাগুরে আমারে আইজকু খুলিয়া কইন।
তুমি কখনই পারবে না অন্য কারও ভালোবাসাকে ছিনিয়ে নিতে,তুমি কখনোই ফারবা না অন্য কারও ভালুবাসাকে ছিনিয়া নিতে,তুঁই কখনই পারবি না অন্যটার ভালবাসাকে ছিনাইয়া নিতে,,तुमि कुनुइ पारब्बो ना अइन खरर ভালাবासare छिनाइয়া लান্তा।,তুঁই কখনই পারবি না অন্যয় কারুর ভালোবাসারে ছিনাইয়া নিতে।,তুমি কুনোই পারবায় না আন্যা কারো ভালোবাসারে ছিনাইয়া নিতে।
তুমি জোর করে অন্যের ভালো লাগার মানুষ হতে পারবে না,তুমি জোর করে অন্যের ভালো লাগার হিতে ফারবা না,তুঁই জোর কইরা অন্যটার ভাল লাগার মানষ হুইতে পারবি না,,तुमि जोर करा अइनर भला लागार मानष हुन्ता पारब्बो ना।,তুঁই জোর করিয়া অন্যয়র ভালা লাগার মানুষ হইতে পারবি না。,তুমি জোর খরি আন্যের ভালা লাগার মানুষ অইতাম পারবায় না।
আগামিকাল সকালবেলা তাদেরকে দেখতে পাবেন,আগামীকাল সকালবেলা তাদেরকে দেখতে ফারবা,আগামিকাল সকালবেলা তাদেরকে দেইখ্তে পাবেন,,आগামिकाल सকালবেল्ला हिनफररे दেখ्ता पाइब्बेन।,আগামিকাল সকালবেলা তাদেরে দেখতে পাইবুন।,আগামিকাল সকালবেলা ইতাররে দেখতাম পাইবায়।
তোমার কোন কথাতেই কোনও নিশ্চয়তা নেই,তোমার কোনো মাতই কোনোও হদিস নাই,তোয়ার কুন কথাতেই কুনো নিশ্চয়তা নাই,,तोर कुन कथातइ कुन निश्चयता नाइ।,তোয়ার কোন কথাতেই কোন নিশ্চয়তা নাই।,তুমার কুনো মাতেতিই কুনো নিশ্চয়তা নাই।