bangla_speech,sylhet_bangla_speech,context,zero,few,COT
তোমার আব্বু কেমন আছে?,তোমার আব্বা বালা আছইন নি?,তুমার আব্বা কিলা আসইন?,তুমার আব্বা কিতালাগে? / তুমার বা কিতালাগে?,তুমার আব্বা কিতা ভালা আছন?,তুমার আব্বায় কুনু আছেন নি?
আমার বড় বোনের আজকে মন ভালো নেই,আমার বড় বইনর আইজ মন ভালা নায়,আমার বড় বইনোর আইজকু মন ভালা নায়।,আমার বড় বইন'র আজ মন ভালা নাই।,আমার বড় বইনর আইজকু মন ভালা নায়।,আমার বউনো(বড় বোন) আইজ মন বালা নাই।
তুমি কি আমাকে এই কাজটি করে দিতে পারবে?,তুমি কিতা মোরে এই কাজটা করাই দিতা পারবা নি?,তুমি কিতা আমারে অউ কামটা খরিয়া দিতা ফারবে নি?,তুমি কিতা আমারে এই কামটা করি দিতে পারবায়?,তুমি কিতা মোরে অউ কামটা করিয়া দিতো ফারবায়?,তুমি কি আমারে এই কামটা করি দিতে পারবা নি?
এই গরমে বাহিরে বের হতে ইচ্ছা করে না,এই গরমো বাইরে বাইর অইতে জানে কয় না,অউ গরমো বারে বাইরাইতে ইচ্ছা খরে না।,এই গরমো বারইত বাইর অইতে মন চায়না।,অউ গরমো বাইরো বার অইতো মন চায়না।,এই গরমো(গরমের মধ্যে) বারে বারাইতো মন চায় না।
তোমার সব কথাই ভুল,তোমার সব মাত ভুল,তুমার হখল মাতেউ ভুল।,তুমার হকল (অকল) কতাই ভুল।,তুমার সব কতাই ভুল।,তুমার হকল কথা-ই ভুল।
তোমার মত খারাপ ছেলে আমি আর একটাও দেখিনি,তোমার মত খারাফ পুয়া মুই আর একটাও দেখছি না,মুই তুমার লাখান খারাফ ফুয়া আর এখটাউ দেখছি নায়।,তুমার লাখান খারাপ ফুয়া/পোয়া আমি আর একটাও দেখছিনি না।,তুমার লাখান খারাপ ফুয়া মুই আর এখটাও দেখছি না।,তুমার লাখান খারাপ ফুয়া (পোলা) আমি আর অক্কলও (একটাও) দেখছি না।
বিয়ের জন্য আম্মা আমার জন্য ছেলে খুজতাসে,বিয়ার লাগি মাই মুর লাগি ফুয়া খুজিরা,বিয়ার লাগি আম্মায় আমার লাগি ফুয়া খুজরা।,বিয়াত লাগি আম্মা আমার লাগি ফুয়া/পোয়া খাটাইরা।,বিয়ার লাগি আম্মা মোর লাগি ফুয়া হান্দিরা।,বিয়ার লাগি আম্মায় মু’র লাগি ফুয়া (পোলা) তলাশ করতাছইন।
আব্বা আমাকে গতকাল একটা ছেলের সাথে দেখা করতে বলেছিল,আব্বা মোরে গতকাল এক ফুয়ার লগে দেখা করতে কইছলা,আব্বায় আমারে গতকাইল এখটা ফুয়ার লগে দেখা করাত কইছলা।,আব্বায় আমারে খালকা (কালকে) এক ফুয়া'র লগে দেখা করাত কইছলা।,আব্বায় মোরে কাইলকু এখটা ফুয়ার লগে দেখা করাত কইছলা।,আব্বায় মু’রে (আমারারে) কাইল একখান ফুয়ার লগে দেখা করতাম কইছলা।
ছেলেটিকে আমার একদমই ভালো লাগেনি,ফুয়াটারে মোর একদমই ভালা লাগে নাই,ফুয়াটারে আমার এখদমউ ভালা লাগের না।,এই ফুয়া/পোয়াটারে আমার এক্কেরেও ভালা লাগছে না।,ফুয়াটারে মোর এক্কুরউ ভালা লাগের না।,ফুয়া-টার আমার একদম-ই বালা লাগছে না।
মেয়েটি গোলাপি রঙের শাড়ি পরে এসেছিল,ফুরিটা গোলাপি রঙের শাড়ি পরিয়া আইছিল,ফুড়িটায় গোলাপি রংর শাড়ি পিন্দিয়া আইছিল।,ফুঁড়িটা গোলাপি রঙ্গের শাড়ী পিন্দি আইছল।,ফুড়িটায় গোলাপি রংগর শাড়ি পিন্দিয়া আইছিল।,ফুরি-টা (মেয়ে) গোলাপী রং-এর শাড়ি পিন্দিয়া আইছল।
আমার দুইদিন পরে বিয়ে হবে,আমার দুইদিন ফরে বিয়া অইবো,আমার দুইদিন বাদে বিয়া অইবো।,আমার দুই দিন বাদে বিয়া অইবো।,মোর দুইদিন বাদে বিয়া অইবো।,মু'র দুই দিন বাদে বিয়া অইবো।
ছেলেটি এখন আর বিকালে খেলতে বের হয় না,ফুয়াটা এখন আর বিকালে খেলাত বারয় না,ফুয়াটা এখন আর বিহানীত খেলাত বারইতো নায়।,ফুয়া/পোয়াটা এতা আর বিকালো খেলত বারইত বার অয় না।,ফুয়াটায় অখন আর বিকালো খেইলতো বার অয় না।,ফুয়া-টা অখন আর বিয়াইল (বিকালে) খেইলতে বারায় না।
মেয়েটি সকালে ঘুম থেকে উঠেই পরতে বসে,ফুরিটা সকালে ঘুম থাকি উঠেই ফরাত বয়,ফুড়িটায় বিয়ানে গুম থাকি উট্টিয়াউ পড়াত বয়ে।,ফুঁড়িটা আঁতালে ঘুম থাকি উঠিয়াউ পড়াত বইযায়।,ফুড়িটায় বেয়ানো ঘুম থাকি উইঠাই ফড়াত বহে।,ফুরি-টা বিছান থাকি উঠিই ফরত বইয।
আমার চাচা বিদেশ থেকে গতকাল বাংলাদেশে এসেছে,আমার চাচা বিদেশ থাকি গতকাল বাংলাদেশে আইছে,আমার চাচা বিদেশ থাকি গতকাইল বাংলাদেশো আইছে।,আমার চাচায় বিদেস থাকি খালকা (কালকে) বাংলাদেশে আইছইন।,মোর চাচায় বিদেশ থাকি কাইলকু বাংলাদেশে আইছইন।,মু'র চাচা বিদেশ থাকি কাইল বাংলাদেশে আইছইন।
আমার বাসার দারওয়ান অনেক ভালো মানুষ,আমার বাসার দারওয়ান অনেক ভালা মানুষ,আমার বাসার দারোয়ান বাক্কা ভালা মানুষ।,আমার বাসার দারোয়ান বালা মানুস।,মোর বাসার দারুয়ান অখল ভালা মানুস।,মু'র বাসার দারওয়ান বালা মানুশ।
আমার বন্ধু খুলনা ঘুরতে গিয়েছে,আমার বন্ধু খুলনা বেরানিত গেছইন,আমার বান্ধব খুলনা পাখানিত গেছে।,আমার দোস্ত খুলনা বারাইতে (ঘুরিতে) গেছইন।,মোর দুস্ত খুলনা ঘুরাত গেছইন।,মু'র বন্ধু খুলনা ঘুরতে গেছইন।
আমার ঘুরতে অনেক ভালো লাগে,আমার বেরাইতে অনেক ভালা লাগে,আমার পাখানিত খুব ভালা লাগের।,আমার বারাইতে খুব ভালা লাগে।,মোর ঘুরতো অখল ভালা লাগের।,মু'র ঘুরতোন খুব বালা লাগে।
আমি বিদেশে গিয়ে অনেক ঘুরতে চাই,মুই বিদেশে গিয়া অনেক বেরাইতে চাই,মুই বিদেশো গিয়া বাক্কা পাখানিত যাইতাম চাই।,আমি বিদেসো গিয়া খুব বারাইতে চাই।,মুই বিদেশো গিয়া অখল ঘুরতো চাই।,আমি বিদেশের মাজে গিয়া খুব ঘুরতাম চাই।
তুমি আমাকে বিরক্ত করো না,তুমি মোরে বিরক্ত করবা না,তুমি আমারে বিরক্ত খরো নায়।,তুমি আমারে তকলিফ দিও না।,তুমি মোরে বিরক্ত খরো না।,তুমি মু’রে (আমারে) বিরক্তি দিও না।
তিনি আমাকে অনেক অপমান করেছে,তাইন মোরে অনেক অপমান করছইন,তাইন আমারে খুব অপমান করছইন।,তাইনে আমারে খুব/বউত বেজ্জতি করছইন।,তায় মোরে অখল অপমান খরছন।,তে ইখান মু'রে খুব বেইজ্জতি (অপমান) করছইন।
আমার সকালে উঠে বই পরতে অনেক ভালো লাগে,মোর সকালে উঠিয়া বই পরতে অনেক ভালা লাগে,আমার বিয়ানে উট্টিয়া বই পড়াত খুব ভালা লাগের।,আমার আঁতালে উঠিয়া কিতাব পড়াত খুব ভালা লাগে।,মোর বেয়ানে উইঠিয়া কিতাব ফড়তো অখল ভালা লাগের।,মু'র ফজরো (সকালে) উঠি কিতাব ফরত খুব বালা লাগে।
আমার ছোট ভাই একদমই পড়ালেখা করতে চায় না,মোর ছোট ভাই একদমই পড়ালেখা করতে চাইন না,আমার ছোট ভাউ এখদমউ পড়ালেখা খরতো চায় না।,আমার ছোড ভাই এক্কেরেও লেহা-পড়া করাত চায় না।,মোর ছোট ভাই এক্কুরউ ফড়লেখান খর্তো চায় না।,মু'র ছুট ভাই একদম-ই ফড়ালিখা করত চায় না।
আমার ছোট ভাই বিদ্যালয়ে যেতে চায় না,মোর ছোট ভাই বিদ্যালয় যাইতে চায় না,আমার ছোট ভাউ ইস্কুলো যাইতে চায় না।,আমার ছোড ভাই ইস্কুলে/মকতব (মকতবে) যাত চায় না।,মোর ছোট ভাই ইস্কুলো জৈতো চায় না।,মু'র ছুট ভাই ইস্কুলে যাইতোন চায় না।
আমার ছোট ভাইয়ের বিদ্যালয়ে গিয়ে পড়ালেখা করতে ভাল লাগে না,মোর ছোট ভাইয়র বিদ্যালয়ে গিয়া পড়ালেখা করতে ভালা লাগে নানি,আমার ছোট ভাউর ইস্কুলো গিয়া পড়ালেখা খরতো ভালা লাগের না।,আমার ছোড ভাইর ইস্কুলে গিয়া লেহা-পড়া করাত ভালা লাগে না।,মোর ছোট ভাইর ইস্কুলো গিয়া ফড়লেখান খর্তো ভালা লাগের না।,মু'র ছুট ভাইর ইস্কুলে গিয়া ফড়ালিখা করত বালা লাগে না।
আমি একদিন বিদ্যালয়ের মাঠে মাথা ঘুরিয়ে পরে গিয়েছিলাম,মুই একদিন বিদ্যালয়ের মাঠো মাথা ঘোরাইয়া ফরি গেছিলাম,মুই এখদিন ইস্কুলর মাঠো মাথা গুরাইয়া পরি গেছিলাম।,আমি একদিন ইস্কুলের মাটিত মাতা ঘুরাইয়া পড়ি গেছলাম।,মুই একদিন ইস্কুলর মাঠো মাথা ঘুরাইয়া ফড়ি গেছিলাম।,আমি একদিন ইস্কুলের মাটে মাথা ঘুরাইয়া ফড়ি গেছলাম।
আপনি কি আমাকে কোনদিনও ভালবাসবেন না ?,আফনে কিতা আমারে কোনোদিনও ভালা ফাইতা না,আফনে কিতা আমারে কুনোদিনউ ভালা পাইবা নায়?,আপনে কিতা আমারে কোনোদিনও ভালা পাইতায় না?,আপনে কিতা মোরে কুনদিনউ ভালা ফাইবায় না?,আপনে কি মু'রে কোনোদিনও বালা পাইবা না নি?
আমার বন্ধু আজকে সকালে ফুটবল খেলেছে,আমার বন্ধু আইজকে সকালে ফুটবল খেলছে,আমার বান্ধব আইজকু বিয়ানে ফুটবল খেলছে।,আমার দোস্ত আজ আঁতালে ফুটবল খেলছইন।,মোর দুস্ত আইজকু বেয়ানে ফুটবল খেইলছে।,মু'র বন্ধু আইজ ফজরো ফুটবল খেইলছইন।
তুমি আমার মনের কথা একদমই বুঝো না,তুমি আমার ভিতরর মাত একদমই বুঝো না,তুমি আমার মনর মাত এখদমউ বুজো নায়।,তুমি আমার মনের কতা এক্কেরেও বুঝো না।,তুমি মোর মনের খতা এক্কুরউ বুঝো না।,তুমি মু'র মনের কথা এক্কেরেও বুঝো না।
আমার আম্মু অনেক ভালো রান্না করে,আমার মাই অনেক ভালা রান্দা করইন,আমার আম্মায় খুব ভালা রান্ধা খরইন।,আমার আম্মায় বউত বালা রান্ধন করইন।,মোর আম্মায় অখল ভালা রান্ধন।,মু'র আম্মায় খুব বালা রান্দইন।
আমার বন্ধু এখন ঘুমাতে যাবে,আমার বন্ধু এখন হুতনো যাইবো,আমার বান্ধব এখন গুমাত যাইবো।,আমার দোস্ত এতা ঘুমাত যাইবো।,মোর দুস্ত অখন ঘুমাত যাইবো।,মু'র বন্ধু অখন ঘুমাইতো যাইবো।
আমার ছোট বোন নাচতে পারে,আমার ছোট বোইন নাচতে ফারে,আমার ছোট বইন নাচতা ফারে।,আমার ছোড বইনে নাচিত পারইন।,মোর ছোট বইনে নাছতো ফারে।,মু'র ছুট বইন নাচতো পারে।
আমার বন্ধু এইবার ছুটিতে রাজশাহী ঘুরতে যাবে,আমার বন্ধু এবার ছুটিতে রাজশাহী ফাকানিত যাইবো,আমার বান্ধব অউবার ছুটিত রাজশাহী পাখানিত যাইবো।,আমার দোস্ত ইবার ছুটিত রাজশাহী বারাইতে যাইবো।,মোর দুস্ত অউ বারো ছুটিত রাজশাহী ঘুরতো যাইবো।,মু'র বন্ধু ইবার ছুটিতো (ছুটিতে) রাজশাহী ঘুরতে যাইবো।
আমার বন্ধু যাকে ভালবাসে সে রাজশাহী থাকে,আমার বন্ধু যারে ভালা ফায় হে রাজশাহী থাকে,আমার বান্ধব যেটারে ভালাপায় হে রাজশাহী থাকে।,"আমার দোস্তে যারারে ভালা পায়, তাইন রাজশাহীত থাকইন।","মোর দুস্ত যারে ভালা ফায়, তায় রাজশাহী থাহে।","মু'র বন্ধু যারে বালা পায়, সে রাজশাহী থাকইন।"
মেয়েটি রাজশাহী থেকে আমার বড় ভাইয়ের সাথে দেখা করতে এসেছিল,ফুড়িটা রাজশাহী থাকি আমার বড় ভাইয়র লগে দেখা করাত আইছলা,ফুড়িটায় রাজশাহী থাকি আমার বড় ভাইর লগে দেখা করাত আইছিল।,ফুঁড়িটা রাজশাহী থাকি আমার বড় ভাই'র লগে দেখা করাত আইছল।,ফুড়িটায় রাজশাহী থাকি মোর বড় ভাইর লগে দেখা করাত আইছিল।,ফুরি-টা রাজশাহী থাকি মু'র বড় ভাইর লগে দেখা করত আইছল।
মেয়েটি এখন সিলেট যাবে,ফুড়িটা এখইন সিলট যাইবা,ফুড়িটায় এখন সিলেট যাইবো।,ফুঁড়িটা এতা সিলেট যাইবো।,ফুড়িটায় অখন সিলেট যাইবো।,ফুরি-টা অখন সিলেট যাইবো।
আমার বড় ভাই এখন তাঁর বন্ধুদের সাথে সিগারেট খায় না,আমার বড় ভাই এখইন হের বন্ধুদের লগে সিগারেট খায় না,আমার বড় ভাই এখন তার বন্ধুরার লগে সিগারেট খায় নায়।,আমার বড় ভাই এতা তাঁর দোস্তইন'র লগে সিকারেট খাইতা না।,মোর বড় ভাই অখন তাঁর দুস্তর লগে চিলিম খায় না।,মু'র বড় ভাই অখন তাঁর বন্ধুলগ (বন্ধুদের সাথে) বিড়ি-সিগারেট টানইন না।
আপনি কি আমাকে আগে কোনদিন দেখেছেন ?,আফনে কিতা আমারে আগে কোনোদিন দেখছিলানি,আফনে কিতা আমারে এর আগে কুনোদিন দেখছইন?,আপনে কিতা আমারে আগে কোনোদিন দেখছইন?,আপনে কিতা মোরে আগে কুনদিন দেখছইন?,আপনে কি মু'রে আগে কোনোদিন দেখছইন নি?
আপনি কি আমাকে চিনতে পেরেছেন?,আফনে কিতা আমারে চিনইন নি,আফনে কিতা আমারে চিনতে ফারছইন?,আপনে কিতা আমারে চিনতে পারছইন?,আপনে কিতা মোরে চিনতো ফারছইন?,আপনে কি মু'রে চিনছইন নি?
ছেলেটি আমাকে চিনতে পারল না,ফুয়াটায় আমারে চিনতে ফারলো না,ফুয়াটা আমারে চিনতাম ফারল নায়।,ফুয়া/পোয়াটা আমারে চিনতে পারল না।,ফুয়াটায় মোরে চিনতো ফারল না।,ফুয়া-টা মু'রে চিনতোন পারলো না।
মেয়েটি তোমাকে চিনতে পারল না,ফুড়িটায় তোমারে চিনতে ফারলো না,ফুড়িটায় তুমারে চিনতাম ফারল নায়।,ফুঁড়িটা তোমারে চিনতে পারল না।,ফুড়িটায় তুমারে চিনতো ফারল না।,ফুরি-টা তুমারে চিনতোন পারলো না।
আমার এখন পড়ালেখা করা উচিত,আমার এখইন ফড়ালেখা করা উচিৎ,আমার এখন পড়ালেখা খরা উচিত।,আমার এতা লেহা-পড়া করা দরকার।,মোর অখন ফড়লেখান খরা উচিত।,মু'র অখন ফড়ালিখা করা উছিদ (উচিত)।
অনেক রাত হয়েছে এখন আমার ছোট বোন ঘুমাতে যাবে,অনেক রাইত অইছে এখইন আমার ছোট বোইন ঘুমাইতে যাইবো,বাক্কা রাইত অইছে এখন আমার ছোট বইন গুমাত যাইবো।,"বউত (খুব) রাইত অইছে, এতা আমার ছোড বইন ঘুমাত যাইবো।","অখল রাইত অইছে, অখন মোর ছোট বইন ঘুমাত যাইবো।","খুব রাইত অইছে, অখন মু'র ছুট বইন ঘুমাইতো যাইবো।"
আমাকে পরিক্ষার আগে সব কিছু নিয়ে পড়ালেখা করতে হবে,আমাকে পরিক্ষার আগে হকল কিছু নিয়া ফড়ালেখা করত অইবো,আমারে পরীক্ষার আগে হখলতা লইয়া পড়ালেখা খরা লাগবো।,আমার পরীক্ষা'র আগে হকল (অকল) কিতা লইয়া লেহা-পড়া করা লাগবো।,মোরে পরিক্ষার আগে সব কুনতা লইয়া ফড়লেখান খরত অইবো।,মু'রে ইমতিহানর (পরীক্ষার) আগে হকল কিতা নিয়া ফড়ালিখা করত লাগবো।
আমার ছোট ভাই বিদ্যালয়ে গিয়ে বন্ধুদের সাথে গল্প করে,আমার ছোট ভাই বিদ্যালয় গিয়া বন্ধুদের লগে গল্প করইন,আমার ছোট ভাউ ইস্কুলো গিয়া বন্ধুরার লগে গফ খরে।,আমার ছোড ভাই ইস্কুলে গিয়া দোস্তইন'র লগে গফ করইন।,মোর ছোট ভাই ইস্কুলো গিয়া দুস্তর লগে গফ্ফ খরে।,মু'র ছুট ভাই ইস্কুলে গিয়া বন্ধুলগে গফ (গল্প) করে।
আমার বন্ধু বিদ্যালয়ের মাঠে প্রতিদিন ক্রিকেট খেলে,আমার বন্ধু বিদ্যালয়ের মাঠো ফতিদিন ক্রিকেট খেলইন,আমার বান্ধব ইস্কুলর মাঠো ফত্তেকদিন ক্রিকেট খেলায়।,আমার দোস্ত ইস্কুল'র মাটিত হরদিন (প্রতিদিন) ক্রিকেট খেলইন।,মোর দুস্ত ইস্কুলর মাঠো ফতিদিন ক্রিকেট খেইলে।,মু'র বন্ধু ইস্কুলের মাটে হরদিন (প্রতিদিন) ক্রিকেট খেইলইন।
একটি ছোট শিশু ফুটপাতে লাফাচ্ছে,একটা ছোট বাইচ্চা ফুটপাতে লাফাইরা,এখটা হুরু ফুয়া ফুটপাতো ফাল দের।,এক ছোড বুড়া (শিশু) ফুটপাতে ঝাফাইর।,এখটা ছোট আফালে ফুতপাতো লাফাইরা।,এক্কান ছুট ফুঁয়া (শিশু) ফুটফাতত লাফরা।
আমার বান্ধুবি তার স্বামীকে খুব ভালবাসে,আমার বান্ধবী তার স্বামীরে খুব ভালা ফায়,আমার বান্ধবি তার জামাইরে খুব ভালাপায়।,আমার বান্ধবিয়ে তাঁর জামাইরে খুব ভালা পায়।,মোর দুস্তাইন তার জামাইরে অখল ভালা ফায়।,মু'র বান্ধুবি তার জামাইরে খুব বালা পায়।
আমার স্ত্রী আমাকে ভালোবাসে না,আমার স্ত্রী আমারে ভালা ফায় না,আমার বউ আমারে ভালাপায় নায়।,আমার বউয়ে আমারে ভালা পায় না।,মোর বিউয়ায় মোরে ভালা ফায় না।,মু'র বউ মু'রে বালা পায় না।
স্কুল জীবন থেকে আমার ভাইয়ের সাথে তোমার বোনের প্রেম ছিলো,স্কুল জীবন থাকি আমার ভাইয়র লগে তোমার বোইনর প্রেম আছিল,ইস্কুল জীবন থাকি আমার ভাইর লগে তুমার বইনর পেরেম আছিল।,ইস্কুল'র দিন থাকি আমার ভাই'র লগে তুমার বইন'র পিরিত আছল।,ইস্কুলর জিন্দেগি থাকি মোর ভাইর লগে তুমার বইনর ফেম আছিল।,ইস্কুল থাকি মু'র ভাইর লগে তুমার বইনোর পিরিত আছিল।
আমার গতকাল প্রচণ্ড মাথা ব্যথা করছিলো,আমার গতকাইল প্রচন্ড মাথা বেদনা করছিলো,আমার গতকাইল বেশেবা মাথাত বেদনা খরছিল।,আমার খালকা (কালকে) খুব মাথা ব্যাতা করত।,মোর কাইলকু ফরচণ্ড মাথা বিথা খরছিল।,মু'র কাইল খুব মাঁথা বিথা (ব্যথা) করছিলো।
আমি তোমার কোন কথা কিছুই বুঝতে পারলাম না,মুই তোমার কোন মাত কিচ্ছুই বুঝতে ফারলাম না,মুই তুমার কুনো মাত কিচ্চুউ বুঝতাম ফারলাম নায়।,আমি তুমার কোনো কতা কিচ্ছু বুঝত পারলাম না।,মুই তুমার কুন খতা কুনতাউ বুঝতো ফারলাম না।,আমি তুমার কুনু কতা-ই কিচ্ছু বুঝতাম পারলাম না।
তোমার হাশির কাছে আমার সব কিছু হার মেনে যায়,তোমার হাশির কাছে আমার হকল কিছু হার মানিয়া যায়,তুমার হাছির কান্দাত আমার হখলতাউ হার মানি যায়।,তুমার হাঁসি'র লগে (কাছে) আমার অকল/হকল কিতা হার মানি যায়।,তুমার হাসির কাছে মোর সব কুনতা হার মানি যায়।,তুমার হাসির কাছে মু'র হকলতা (সব কিছু) আটি যায়।
তোমার চোখ দুটো অনেক সুন্দর,তোমার চোউক দুইটা অনেক সুন্দর,তুমার দুই চউক খুব সুন্দর।,তুমার দুই চখ্খু বউত/খুব সুন্দর।,তুমার চউখ দুইটা অখল সুন্দর।,তুমার চউখ দুইখান খুব সুন্দর।
তোমার সাথে অনেক দিন পর দেখা,তোমার লগে অনেক দিন পর দেখা,তুমার লগে বাক্কা দিন বাদে দেখা।,তুমার লগে বউত দিন বাদে দেখা।,তুমার লগে অখল দিন বাদে দেখা।,তুমার লগে অনেক দিন বাদে দেখা।
ছেলেটি বিদেশে গিয়ে পড়ালেখা করার স্বপ্ন দেখে,ফুয়াটা বিদোশো গিয়া ফড়ালেখা করার স্বপ্ন দেখে,ফুয়াটায় বিদেশো গিয়া পড়ালেখা করার সফন দেখে।,ফুয়া/পোয়াটা বিদেসো গিয়া লেহা-পড়া করার হপন দেখের।,ফুয়াটায় বিদেশো গিয়া ফড়লেখান খরার শফন দেখে।,ফুয়া-টা বিদেশে গিয়া ফড়ালিখা করার খউয়াব দেখইন।
তোমার সাথে কথা বলে আমার অনেক ভালো লাগলো,তোমার লগে মাতিয়া আমার অনেক ভালা লাগছে,তুমার লগে মাত মাতিয়া আমার বাক্কা ভালা লাগলো।,তুমার লগে কতা কইয়া আমার খুব ভালা লাগছে।,তুমার লগে খতা খইয়া মোর অখল ভালা লাগিল।,তুমার লগে কতা কইয়া মু'র খুব বালা লাগছে।
তোমার বন্ধুর সাথে পরিচিত হয়ে ভালো লাগলো,তোমার বন্ধুর লগে পরিচত হইয়া ভালা লাগলো,তুমার বান্ধবর লগে পরিচিত অইয়া ভালা লাগলো।,তুমার দোস্ত'র লগে পরিচিত অইয়া ভালা লাগলো।,তুমার দুস্তর লগে চিনাকরি অইয়া ভালা লাগিল।,তুমার বন্ধুর লগে চিন-জানা অইয়া বালা লাগলো।
আমার আব্বু আর চাচার মধ্যে জায়গা জমি নিয়ে ঝগড়া হয়,আমার আব্বু আর চাচার মধ্যে জায়গা জমি নিয়া মাইর অয়,আমার আব্বা আর চাচা বাইর মাঝে জাগা জমিন লইয়া মাইর অয়।,আমার আব্বা আর চাচার বিতরো জমিন লইয়া ঝগড়া অয়।,মোর আব্বা আর চাসার ভিতরে জাগা-জমি লইয়া জাউরা অয়।,মু'র আব্বায় আর চাচার মাজে জাগাজমি নিয়া হাউড়াবাউড়ি (ঝগড়া) অয়।
লোকটি কিছু দিন আগে বিয়ে করেন,লোকটা কিছুদিন আগে বিয়া করছইন,বেটা ইগুয়ে কয়দিন আগে বিয়া খরইন।,এই মানুসটাই কিতা দিন আগে বিয়া করছইন।,মানুসটায় কুনুদিন আগে বিয়া খরছইন।,মানুশ-টা কিতা দিন আগে বিয়া করছইন।
প্রথমে তোমাকে একটি বইয়ের দোকানে যেতে হবে,প্রথমে তোমাকে একটা বইয়ের দোখানো যাইতে হইবো,পয়লা তুমারে এখটা বইর দুকানো যাওয়া লাগবো।,পইলা (প্রথমে) তুমারে এক কিতাব'র দোকানত যাইতো লাগবো।,পইলা তুমারে এখটা কিতাবর দুখানো জৈত অইবো।,আগে তুমারে এক্কান কিতাবের দোকানত যাইতোন লাগবো।
বেশি কিছু বলার আগেই আবেগে চোখে পানি চলে আসছে,বেশি কিছু বলার আগেই আবেগে চোউক এর ফানি চলে আইতেছে,বেশি কুনতা মাতার আগেউ আবেগে চউকুত পানি চলি আইছে।,বউত কতা কওয়ার আগেউ আবেগে চখ্খুত পানি আইযায়।,বেশি কুনতা খরার আগেউ আবেগো চউখো ফানি আইয়া ফড়ে।,বেশি কিচ্ছু কওয়ার আগে-ই আবোত্তে (আবেগে) চউখত ফানি আই গেছে।
আপনার বন্ধুদের গালি দেওয়ার সুযোগ করে দিন,আফনার বন্ধুদের গালি দেওয়ার সুযোগ কইরা দিন,আফনার বন্ধুরারে গাইল দিতার সুযোগ খরিয়া দেউকা।,আপনার দোস্তইন'রে গাইল দেওনের লায় সুযোগ করি দিও।,আপনার দুস্তররে গালি দিবার সুজুগ খরি দিন।,আপ্নার বন্ধুলগে গাইল দিবার সুযোগ করি দেওক।
অনেক মানুষ এখনো পেছনে লাইনে দাঁড়িয়ে আছে,অনেক মানুষ এখোনো পেছনো লাইনো দাঁড়িয়া আছইন,বাক্কা মানুষ এবো ধরি লাইনো উবাই রইছে।,বউত মানুস এতাও পিছোনের লাইনত খাড়াইর।,অখল মানুস এথনউ ফিসনর লাইনও থাইক্কা।,খুব মানুশ অখনও ফিশনো (পেছনে) লাইনে ঠাটা (দাঁড়িয়ে) রইছইন।
একজন মহিলা মারা গেছেন,একজন বেডি মারা গেছইন,এখজন বেটি মরি গেছইন।,এক জনানি মউত অইছইন।,এখজন মাইন্ষে মারা গেছইন।,একজনে বাইত (মহিলা) মরি গেছইন।
আপনি এত গরীব আগে কেন বলেননি,আফনি এত গরীব আগে কেনে কইলা না,আফনে এতো গরিব আগে কিয়েন কইছইন নায়?,আপনে এত গরীব আগে কেরা কইলায় না?,আপনে এত গরিব আগে কেন কইছইন না?,আপনে এত গরিব আগে ক্যারে কইছইন না?
তুমি ছাড়া এই পৃথিবীতে আমার আর কেউ নেই,তুমি ছাড়া এই পৃথিবীতে আমার আর কেউ নাই,তুমি ছাড়া অউ দুনিয়াত আমার আর খেউউ নায়।,তুমি ছাড়া ই দুনিয়াত আমার আর কেউ নাই।,তুমি ছাড়া অউ দুনিয়াত মোর আর কেউ নায়।,তুমি ছাড়া ই দুনিয়াত মু'র আর কুনু জন নাই।
আমি আগেই বলেছি তোমাকে নিয়ে বিদেশ ঘুরতে চাই,মুই আগেই কইছলাম তোমারে নিয়া বিদেশ ফাকাইতে চাই,মুই আগেউ কইছি তুমারে লইয়া বিদেশ পাখানিত যাইতাম চাই।,আমি আগেউ কইছি তুমারে লইয়া বিদেস বারাইতে চাই।,মুই আগেই কইছি তুমারে লইয়া বিদেশ ঘুরতো চাই।,আমি আগে-ই কইছি তুমারে নিয়া বিদেশ ঘুরতাম চাই।
আমার আম্মু আমাকে সবার সামনে মারতে মারতে বাসায় নিয়ে আসে,আমার আম্মা আমাকে হকলের সামনে মারতে মারতে বাসাত নিয়া আইছে,আমার আম্মায় আমারে হকরলর সামনে মারতে মারতে বাসাত লইয়া আয়ইন।,আমার আম্মায় আমারে অকল'র সামনে মারতে মারতে বাড়িত লইয়া আছইন।,মোর আম্মায় মোরে সবার সামনো মারতো মারতো বাসাত লইয়া আছইন।,মু'র আম্মায় মু'রে হকলর সামনে মারতে মারতে বাড়িত (বাসায়) নিয়া আইছইন।
আপনি কি জানেন এখানে অনেক ছেলে কমেন্ট পড়তে আসবে,আফনি কিতা জানেন এখানে অনেক ফুয়াইন কমেন্ট ফরাত আইবা,আফনে জানইন নি ওনো বাক্কা ফুয়া কমেন্ট ফরার লাগি আইবা?,"আপনে কিতা জানইন, এখানে বউত ফুয়া/পোয়া কমেন্ট পড়াত আইবো?",আপনে কিতা জানইন অউ জাগাত অখল ফুয়া কমেন্ট ফড়তো আইবো?,আপনে কি জানইন ইখানত খুব ফুয়া (ছেলে) কমেন্ট ফরত আইবা নি?
আবেগের ভালোবাসা কাউকে দেওয়া উচিত না,আবেগর ভালোবাসা কাউকে দেওয়া উচিৎ না,আবেগর ভালা-পাওয়া খেউরে দিওয়া উচিত নায়।,আবেগ'র ভালাবাসা কারোরে দেওয়া উচিত না।,আবেগর ভালাবাসা কাউরে দিতো উচিত নায়।,আবোত্তের বালা-ফাওয়া কুনুজনে দেওন উছিদ না।
একদিন বিবেকের কাছে আবেগের ভালোবাসা হেরে যাবে,একদিন বিবেকের কাছে আবেগর ভালোবাসা হারিয়া যাইবো,এখদিন বিবেকর কাছে আবেগর ভালা-পাওয়া হারি যাইবো।,এক দিন বিবেক'র লগে আবেগ'র ভালাবাসা হার মানি যাইবো।,একদিন বিবেকর কাছে আবেগর ভালাবাসা হারি যাইবো।,এক দিন বিবেকের কাছে আবোত্তের বালা-ফাওয়া আটি যাইবো।
আমার মনের ভালোবাসা চিরদিন তোমার জন্য থেকে যাবে,আমার মনের ভালোবাসা চিরদিন তোমার লাগি থাইকা যাইবো,আমার মনর ভালা-পাওয়া সারাজীবন তুমার লাগি রই যাইবো।,আমার মনের ভালাবাসা চিড়দিন তুমার লাগি থাকি যাইবো।,মোর মনের ভালাবাসা চিরদিন তুমার লাগি থাকি যাইবো।,মু'র মনের বালা-ফাওয়া চিরদিন তুমার লাগি রইয়া যাইবো।
জীবনে একা একা পথ চলা অনেক কঠিন,জীবনে একলা একলা ফথ চলা অনেক কঠিন,জীবনো একলা একলা পথ আটা খুব কঠিন।,জিন্দেগীত একা একা বাট (পথ) চলা খুব কঠিন।,জিন্দেগিত একা একা ফথ খলা অখল খঠিন।,জিন্দেগিত একা একা আটিতোন খুব মুশকিল।
আমার জীবন আমি তোমাকে নিয়ে বাঁচার জন্য দিব,আমার জীবন মুই তোমারে নিয়া বাঁচার লাগি দিমু,আমার জীবন মুই তুমারে লইয়া বাঁচিয়া থাকার লাগি দিমু।,আমার জিন্দেগি আমি তুমারে লইয়া বাঁচনের লাগি দিমু।,মোর জিন্দেগি মুই তুমারে লইয়া বাঁচবার লাগি দিমু।,মু'র জিন্দেগি আমি তুমারে নিয়া বাঁচতোন দিমু।
আমার ভালবাসা দিয়ে সারাজীবন তোমার পাশে থাকতে চাই,আমার ভালুবাসা দিয়া হারাজীবন তোমার লগে থাকতে চাই,আমার ভালা-পাওয়া দিয়া সারাজীবন তুমার কান্দাত থাকতে চাই।,আমার ভালাবাসা দিয়া হকল জিন্দেগি তুমার লগে (কাছে) থাকাত চাই।,মোর ভালাবাসা দিয়া সারাজিন্দেগি তুমার ফাশো থাকতো চাই।,মু'র বালা-ফাওয়া দিয়া সারা জিন্দেগি তুমার লগে (পাশে) থাকতাম চাই।
তোমাকে কি করে বুঝাবো তোমাকে কতটা ভালবাসি?,তোমাকে কি করে বুঝাইমু তোমারে কতটা ভালো ফাই?,তুমারে কিলা বুঝাইতাম তুমারে কিত্তা ভালাপাই?,"তুমারে কিতা করি বুঝাইমু, তুমারে কতো ভালা পাই?",তুমারে কিতা খরি বুঝাইমু তুমারে খতটা ভালা ফাই?,তুমারে কিলা করি বুঝাইমু যে কতো বালা ফাই?
আপনাকে দেখে আমি দেখে থমকে দারিয়ে ছিলাম,আফনারে দেইখ্খা মুই দেইখ্খা থমকে উবানিত আছলাম,আফনারে দেকিয়া মুই ভেমটালা লাগিয়া উবাই রইছলাম।,আপনারে দেখি আমি থমকি খাড়াই গেছলাম।,আপনরে দেখিয়ু মুই থমকি দাঁড়াইয়া আছিলাম।,আপ্নারে দেখি আমি দেখি থমকি ঠাটা রইছিলাম।
আপনি খুব কষ্টে নিজেকে সামলে নিয়েছেন,আফনি খুব কষ্টে নিজরে সামলে নিয়াছইন,আফনে খুব খষ্টে নিজোরে সামলাইয়া নিছইন।,আপনে খুব কষ্টে নিজরে সামলাইছইন।,আপনে অখল খষ্টো নিজরে সামলাইয়া নিছইন।,আপনে খুব কষ্ট করি নিজেরে সামলাইয়া নিছইন।
আমার বান্ধুবি কিছু ভাবতে পারেনা আপনাকে ছাড়া,আমার বান্ধবী কিচ্ছু ভাবতে ফারে না আফনাকে ছাড়া,আমার বান্ধবি কুনতাও ভাবতে ফারে নায় আফনারে ছাড়া।,আমার বান্ধবিয়ে কিচ্ছু ভাবত পারইন না আপনারে ছাড়া।,মোর দুস্তাইন কুনতাউ ভাবতো ফারইন না আপনে ছাড়া।,মু'র বান্ধুবি কিচ্ছু ভাবতোন পারইন না আপ্নারে ছাড়া।
আমার বন্ধু কিছু লিখতে পারেনা আপনার নাম ছাড়া,আমার বন্ধু কিচ্ছু লিখতে ফারে না আফনার নাম ছাড়া,আমার বান্ধব কুনতাও লেখতে ফারে নায় আফনার নাম ছাড়া।,আমার দোস্তে কিচ্ছু লেখত পারইন না আপনার নাম ছাড়া।,মোর দুস্ত কুনতাউ লেখতো ফারইন না আপোনার নাম ছাড়া।,মু'র বন্ধু কিচ্ছু লেখতোন পারইন না আপ্নার নাম ছাড়া।
আপনাকে ভালোবাসি এই কথাটি বলা বাকি,আফনারে ভালাফাই এই কথাটি বলার বাকি,আফনারে ভালাপাই অউ মাতটা কইতাম বাকি।,"আপনারে ভালা পাই, ই কতাটা কইতে বাকি।","আপনরে ভালা ফাই, অউ খতাউ খইতো বাকি।","আপ্নারে বালা ফাই, ই কতা-টা কওন বাকি।"
আমার আব্বুর খুব গরম লাগছে,আমার বাফর খুব গরম লাগছে,আমার আব্বার খুব গরম লাগের।,আমার আব্বার খুব গরম লাগের।,মোর আব্বার অখল গরম লাগের।,মু'র আব্বার খুব গরম লাগছে।
আমার ছোট বোনের গরম লাগছে,আমার ছোট বোইনর গরম লাগছে,আমার ছোট বইনর গরম লাগের।,আমার ছোড বইন'র গরম লাগের।,মোর ছোট বইনর গরম লাগের।,মু'র ছুট বইনোর গরম লাগছে।
এই শিশুটির অনেক ঠাণ্ডা লাগছে,এই শিশুটার অনেক ঠান্ডা লাগসে,অউ হুরু ফুয়ার খুব ঠান্ডা লাগের।,ই ছোড বুড়া'র বউত ঠাণ্ডা লাগের।,অউ আফালর অখল ঠাণ্ডা লাগের।,ই ছুট ফুঁয়া-টার খুব ঠাণ্ডা লাগছে।
আমার বন্ধুর খুব মন খারাপ,আমার বন্ধুর খুব বিতর খারাফ,আমার বান্ধবর খুব মন খারাফ।,আমার দোস্ত'র খুব মন খারাপ।,মোর দুস্তর অখল মন খারাপ।,মু'র বন্ধুর খুব মন বেজার।
আম্মু আমার জন্য নীল শাড়ি কিনে এনেছে,মাই আমার লাগি নীল শাড়ি কেনিয়া আনছইন,আম্মায় আমার লাগি নীল শাড়ি কিনিয়া আনছইন।,আম্মায় আমার লাগি নিলা শাড়ী কিনি আনছইন।,আম্মায় মোর লাগি নীল শাড়ি খিনিয়া আনছইন।,আম্মায় মু'র লাগি নীল শাড়ি কিনি আইছইন।
আমি আমার বন্ধুকে একটি লাল গোলাপ কিনে উপহার দিয়েছি,মুই আমার বন্ধুকে একটা লাল গোলাফ কিনিয়া উপহার দিয়াছি,মুই আমার বান্ধবরে এখটা লাল গোলাপ কিনিয়া উপহার দিছি।,আমি আমার দোস্ত'রে একখান লাল গোলাপ কিনি উপহার দিছি।,মুই মোর দুস্তরে এখটা লাল গোলাপ খিনিয়া উপার দিছি।,আমি মু'র বন্ধুরে এক্কান লাল গোলাপ কিনি উফফার দিছি।
আমি আমার স্বামীর সাথে বিকালে পার্কে ঘুরতে যাব,মুই আমার স্বামীর লগে বিয়ানে পার্কে ফাকানিত যাইমু,মুই আমার জামাইর লগে বিহানীত পার্কো পাখানিত যাইমু।,আমি আমার জামাই'র লগে বিকালো পারকো বারাইতে যাইমু।,মুই মোর জামাইর লগে বিকালো পার্খো ঘুরতো যাইমু।,আমি মু'র জামাইর লগে বিয়াইল (বিকালে) পার্কো ঘুরতে যাইমু।
কাউকে ভালোবাসা দেওয়াতেই বেশি আনন্দ লাগে আমার,কাউকে ভালোবাসা দেওয়াতেই বেশি কুশি লাগে আমার,খেউরে ভালা-পাওয়া দিওয়াতেউ আমার বেশি মজা লাগের।,কারোরে ভালাবাসা দেওয়ায়ো আমার বেশি খুশি লাগের।,কাউরে ভালাবাসা দিতোই বেশি আনন্দ লাগের মোর।,কুনুজনে বালা-ফাওয়া দেওাত-ই মু'র বেশি আন্দ (আনন্দ) লাগে।
"যদি তুমি আমার কাছে ফিরে আস ,তবে তাকে ছেড়ে দাও","যদি তুমি আমার কাছে ফিরে আসো, তবে তাকে ছেড়ে দাও","যদি তুমি আমার কান্দাত ফিরি আয়ো, তাইলে তারে ছারি দেউ।","যদি তুমি আমার কাছেউ ফিরি আও, তইলে তারে ছাড়ি দিও।","যদি তুমি মোর কাছে ফিরি আও, তইলে তারে ছাড়ি দেও।","যদি তুমি মু'র কাছে ফুরি আইও, তবে তারে ছাড়ি দেও।"
সে তোমার জন্য সব কিছু করতে পারে,সে তোমার লাগি সব কিছু করতে ফারে,হে তুমার লাগি হকলতা খরতে ফারে।,হে (তাইনে) তুমার লাগি অকল (হকল) কিতা করত পারইন।,তায় তুমার লাগি সব কুনতা খরত ফারে।,তে তুমার লাগি হকলতা (সব কিছু) করত পারইন।
আপনি যে মানুষটিকে ভালবাসবেন তাকে যদি না বুঝতে পারেন তাহলে আপনার এই প্রেমের কোনো অর্থ নেই,আফনি যে মানুষটাকে ভালাফাইবেন তাকে যদি না বুঝবার ফারইন তাহলে আফনার এই প্রেমের কোনো অর্থ নাই,"আফনে যে মানুষটারে ভালা পাইবা, তারে যদি নয় বুজইন, তাইলে আফনার অউ পেরেমর কুনো অরথ নায়।","আপনে যে মানুসটারে ভালা পাইবায়, তারারে যদি না বুঝত পারইন, তইলে আপনার ই পিরিত'র কোনো মানে নাই।","আপনে যে মানুসটারে ভালা ফাইবায় তারে যদি না বুঝতো ফারইন, তইলে আপোনার অউ ফেমর কুনু অর্থ নায়।","আপনে যে মানুশ-টারে বালা ফাইবা, তারে যদি না বুঝো তইলে আপ্নার ই পিরিতর কুনু মানে নাই।"
আপনি নিজে অসুখী হয়ে কিভাবে অন্যকে ভালোবেসে সুখী করবেন,আফনি নিজে অসুখী হয়ে কিলা অন্যকে ভালোবাসিয়া সুখী করবা,আফনে নিজে বেজার অইয়া কিলা আরেকজনরে ভালা ফাই সুখী খরবা?,আপনে নিজে অসুখী অইয়া কিতারে অন্যরে ভালাবাসি সুখী করবায়?,আপনে নিজে অসুখী অইয়া কিতা খরি অইন্যরে ভালাবাইসা সুখী খরবায়?,আপনে নিজে অ-খুশি অইয়া কিলা করি অন্যরে বালা ফাইয়া খুশি করবা?
তুমি কারো জীবনে সুখ এনে দেবে এই ভেবে তোমার প্রেম করা উচিত,তুমি কারো জীবনে সুখ এনে দিবা এই ভেবে তোমার প্রেম করা উচিৎ,তুমি খেউর জীবনো সুখ আনি দিবা ইতা ভাবিয়া তুমার পেরেম খরা উচিত।,"তুমি কারো জিন্দেগীত সুখ আনি দিবা, ই ভাবি তুমার পিরিত করা উচিত।","তুমি কারুর জিন্দেগিত সুখ আনি দিবা, অউ ভাবিয়া তুমার ফেম খরা উচিত।","তুমি কুনুজোনের জিন্দেগিত খুশি আইনা দিবা, ই কতা ভাবি তুমার পিরিত করা উছিদ।"
আপনার মনের কথা গুলো আমাকে আজ খুলে বলুন,আফনার মনের মাত গুলা আমকে আজ খুলিয়া বলুন,আফনার মনর মাতগুইন আমারে আইজ খুলিয়া খওকা।,আপনার মনের কতা কটা আমারে আজ খুলি কওকাই।,আপনার মনের খতা অখল মোরে আইজ খুলিয়া খইন।,আপ্নার মনের কতা-গুলা মু'রে আইজ খুলি কউকা।
তুমি কখনই পারবে না অন্য কারও ভালোবাসাকে ছিনিয়ে নিতে,তুমি কখনোই ফারবা না অন্য কারও ভালুবাসাকে ছিনিয়া নিতে,তুমি কুনো সময়উ ফারতা নায় আরেকজনর ভালা-পাওয়ারে ছিনিয়া নিতাম।,তুমি কোনোদিনও পারতায় না অন্য কারো ভালাবাসা ছিনাই লইত।,তুমি কুনদিনউ ফারবায় না অইন্য কারুর ভালাবাসারে সিনাইয়া নিতো।,তুমি কুনু দিন-ই পারবায় না অন্য কুনু জনর বালা-ফাওয়া কাড়ি নিতে।
তুমি জোর করে অন্যের ভালো লাগার মানুষ হতে পারবে না,তুমি জোর করে অন্যের ভালো লাগার হিতে ফারবা না,তুমি জোর দিয়া আরেকজনর ভালা লাগের মানুষ অইতাম ফারতা নায়।,তুমি জোর করি অন্য'র ভালা লাগার মানুস অইতায় না।,তুমি জোর খরি অইন্যর ভালা লাগার মানুস অইতো ফারবায় না।,তুমি জোর করি অন্যর বালা লাগার মানুশ অইতোন পারবা না।
আগামিকাল সকালবেলা তাদেরকে দেখতে পাবেন,আগামীকাল সকালবেলা তাদেরকে দেখতে ফারবা,কাইল বিয়ানে তাতরার দেখতে পাইবা।,আইলকা (আগামিকাল) আঁতাল'র সমায় তারারারে দেখতায়।,খাইলকু বেয়ানবেলা তারারারে দেখতো ফাইবায়।,আগাইল ফজরো (আগামীকাল সকালে) তারারে দেখতোন ফাইবা।
তোমার কোন কথাতেই কোনও নিশ্চয়তা নেই,তোমার কোনো মাতই কোনোও হদিস নাই,তুমার কুনো মাতেউ কুনো নিচয়তা নায়।,তুমার কোনো কতাও কোনো নিচ্চয়তা নাই।,তুমার কুন খতাউ কুনু নিচ্চয়তা নায়।,তুমার কুনু কতা-ত-ই কুনু নিশ্চয়তা নাই।
আমার অনেক ভালো লাগে কালো ওই চোখ দুটো তোমার,আমার অনেক ভালা লাগে কালা ওই চোউখ দুইটা তোমার,,,,
তোমাকে একটি গোলাপ ফুল কিনে দিবো,তোমাকে একটা গোলাপ ফুল কিনিয়া দিমু,,,,
আমার এই মন তোমাকে দিলাম,আমার এই বিতর তোমারে দিলাইলাম,,,,
তোমার হাজার কথার মাঝে তোমার মনের কথা লুকিয়ে ছিল,তোমার হাজার মাতর মাঝে তোমার মনের মাত লুকাইয়া ছিল,,,,
একটা মানুষের সব কথা একদিনে মুখে বলে দেওয়া যায়না,একটা মানুষের সব মাত একদিনে মুখে বলে দেওয়া যায় না,,,,
আমার হাজার কথার মাঝে ওই একটা কথা তোমাকে বুঝে নিতে হবে,আমার হাজার মাতর মাঝে ওই একটা মাত তোমারে বুজে নিতে অইবো,,,,
আমি যতদিন বেঁছে থাকি আপনাকে মনে রাখবো,মুই যতদিন বাছিয়া থাকি আফনারে বিতর রাখমু,,,,
আমার যত কষ্ট হোক তোমাকে নিয়ে আমি জীবন সাজাবোই,আমার যত কষ্ঠ হোক তোমারে নিয়া আমি জীবন সাজাইমু,,,,
তোমার পড়াশোনা করে কি হবে যদি তুমি যাকে ভালোবাসো তাকেই না পাও,তোমার ফড়াশোনা করিয়া কিতা অইবো যদি তুমি যারে ভালোফাও তারেই না ফাও,,,,
চাঁদের মিষ্টি আলো দেখতে আমার খুব ভালো লাগে,চাঁদের মিষ্টি ফর্সা দেখতে আমার খুব ভালা লাগে,,,,
আমাদের ঘরের প্রতিটি রুম ফুল দিয়ে সাজিয়ে রেখেছি,আমাদের ঘরের প্রতিটা রুম ফুল দিয়া সাজিয়া রাখছি,,,,
মাছের বাজারে সবাই এসে বড় মাছটি দেখার জন্য ভিড় জমালো,মাছের বাজারে হকল আইয়া বড় মাছটক দেইখ্খার লাগি ভিড় জমাইলো,,,,
আমার বিয়ে করার জন্য আরেকটা দিন এগিয়েছে,আমার বিয়া করার লাগি আরেকদিন আগাইছে,,,,
দুজনে মিলে দুরে কোথাও ঘুরে আসতে পারি,দুজনে মিলিয়া দুরে কোনকানো ফাকাইয়া আইতে ফারি,,,,
আকাশের নীলে হারিয়ে যেতে চাই তোমায় নিয়ে,আকাশর নীলে কোয়াইয়া যাইতে চাই তোমায় নিয়া,,,,
আপনার জন্য মনে আমার অফুরন্ত ভালবাসা,আফনার লাগি বিতরে আমার অফুরন্ত ভালোবাসা,,,,
আমি সারা জীবন আপনার ভালবাসা পেতে চাই,মুই সারা জীবন আফনার ভালোবাসা ফাইতে চাই,,,,
আমি এবং আমার ছোট বোন একসাথে সাঁতার কাটি,মুই এবং আমার ছোট বোন একসাথে হাতার কাটি,,,,
তোমাকে নিয়ে সুখের পৃথিবী সাজাতে চাই,তোমারে নিয়া সুখের পৃথিবী সাজাতে চাই,,,,
আজ সিলেটে বৃষ্টি হবে,আইজ সিলেট বৃষ্টি অইবো,,,,
তোমার মিথ্যা ভালবাসা একদিন হেরে যাবে,তোমার মিথ্যা ভালোবাসা একদিন হারিয়া যাইবো,,,,
আমার সত্যের ভালবাসা কোনদিনও হারবে না,আমার হাচা ভালো ফাওয়া কোনোদিনও কোয়াইবে না,,,,
এই গানটি আমার খুব ভালো লাগে,এই গানটি আমার খুব ভালা লাগে,,,,
তোমাকে অসম্ভব সুন্দরী লাগে,তোমারে অসম্ভব সুন্দরী লগের,,,,
আপনার কি এখনও আপনার ভালোবাসার মানুষটার কথা মনে পড়ে,আফনার কিতা এখনও আফনার ভালোফাওয়ার মানুষটার মাত মনে পড়ে,,,,
তোমার সাথে দেখা হলেই পুরাতন ইতিহাস মনে পড়ে যায়,তোমার লগে দেখা হলেই আগর ইতিহাস মনে পড়ে যায়,,,,
এই ছবির নীল আকাশ অনেক সুন্দর,এই ছবির নীল আকাশ অনেক সুন্দর,,,,
তুমি এক সন্ধ্যায় অফিস থেকে বাসায় ফিরে দেখবে আমি আর নেই,তুমি এক হাইনজা অফিসে থাকি বাসায় ফিরে দেখবা মুই আর নাই,,,,
তোমার কন্যা তোমাকে অনেক ভালবাসে,তোমার কইন্না তোমারে অনেক ভালাফায়,,,,
আমার মাঝে মাঝে চিৎকার করে কাঁদতে ইচ্ছে করে,আমার মাঝে মাঝে চিৎকার করিয়া কান্দিতে জানে কয়,,,,
তুমি চলে যাওয়ার পর আমার জীবন থেমে গেছে,তুমি চলে যাওয়ার পর আমার জীবন থামিয়া গেজে,,,,
আমার ছোট বোন কেমন যেন শান্ত হয়ে গেছে,আমার ছোট বোইন কেমনে যানি নিরাই অই গেজে,,,,
বাবা মার আদর ভালোবাসা ছাড়া আমি বড় হয়েছি,বাপ মার মায়া ভালোবাসা ছাড়া মুই বড় অইগেজি,,,,
তুমি সত্যিই খুব কঠিন সময় পার করছ,তুমি হাচাও খুব কঠিন সময় ফার করছো,,,,
বাবা হয়ে মায়ের দায়িত্ব পালন করা করা খুব কঠিন,বাফ অইয়া মাই এর দায়িত্ব পালন করা খুব কঠিন,,,,
একটি শিশুকে একমাত্র তার মায়ের কোলেই মানায়,একটা শিশুকে একমাত্র তার মাইয়ের কোলেই মানায়,,,,
আমার কোলে এসে শিশুটি তার মাকে খোঁজে মনে হয়,আমার কোলে আইয়া শিশুটারে তার মাই রে খোজে মনে হয়,,,,
আমি যে মা তাই আমি আমার বাচ্চার মুখের দিকে তাকিয়ে অনেক কিছু বুঝতে পারি,আমি যে মাই তাইন মুই আমার বাচ্চার মুখের দিকে তাকিয়া অনেক কিছু বুঝতে পারইন,,,,
এই কঠিন বাস্তবের সাথে তোমাকে মানিয়ে নিয়ে চলতে হবে,এই কঠিন বাস্তবের লগে তোমাকে মানিয়া নিয়া চলতে অইবো,,,,
মেয়েটি একটি ভালো চাকরি করে,ফুড়িটা একটা ভালো চাকরি করে,,,,
এই মাসে ছেলে তার পরিবার নিয়ে ঘুরতে যাওয়ার কথা,এই মাসো ফুয়া তার পরিবার নিয়া ফাকানিত যাওয়ার কথা,,,,
আমার পরিবার আজকে বিকালে তোমার পরিবারের সাথে কথা বলবে,আমার পরিবার আইজকে বিকালে তোমার পরিবারের লগে মাতবে,,,,
আমাদের দুজনের বিয়ে হওয়ার কথা চলছে,আমাদের দুজনের বিয়া অওয়ার মাত চলতেছে,,,,
মেয়েটি এই ছেলেকে বিয়ে করতে রাজি হচ্ছে না,ফুড়িটা এই ফুয়ারে বিয়া করতে রাজি অর না,,,,
আমার স্বামী আমাদেরকে নিয়ে রাতের বেলা ঘুরতে বের হবে,আমার স্বামী আমাদেরকে নিয়া রাইতর বেলা ফাকানিত বের অইবা,,,,
আমার পছন্দ হয় এমন ছেলে আমার বাবা মায়ের পছন্দ হয় না,আমার ফছন্দ হয় এমন ফুয়া আমার বাফ মাইয়ের ফছন্দ হয় না,,,,
তোমার মত মানুষেরা কখনো ঠিক হবে না,তোমার মত মানুষেরা কখনো ঠিক হবে না,,,,
ছেলেটি তার পরিবারের পছন্দে বিয়ে করে ফেলে,ফুয়াটা তার ফরিবাবের পছন্দে বিয়া করি ফালাইছে,,,,
আমার ভাই মেয়েটির সাথে গতকাল যোগাযোগ করে,আমার ভাই ফুড়িটার লগে গতকাল যোগাযোগ করে,,,,
ছেলে কোন ধরনের মামলা চায় না,ফুয়া কোন ধরনের মামলা চায় না,,,,
সে বিবাহিত তাই মামলা করতে চাচ্ছে না,হে বিয়াতি তাই মামলা করতে চার না,,,,
এই বিষয়টা জানাজানি হলে মহিলাটির সংসার টিকবে না,এই বিষয়টা জানাজানি অইলে বেডিনতর সংসার টিকতো না,,,,
আমার বন্ধু মেয়েদের সাথে সারা রাত জেগে কথা বলে,আমার বন্ধু ফুড়িন্তর লগে সারা হারা রাইত জাগিয়া মাত মাতইন,,,,
আমার কাবিনের টাকা তোমাকে প্রতি মাসে মাসে দিতে হবে,আমার কাবিনের টেখা তোমাকে পতি মাসো মাসো দিতে অইবো,,,,
আমার বড় ভাই সাত মাস প্রেম করে একজনকে বিয়ে করেছে,আমার বড় ভাই সাত মাস প্রেম করিয়া একজনকে বিয়া করছে,,,,
আমি ক্লাসের সব ছেলেদের সাথেই মিশতাম,আমি ক্লাসের হকল ফুয়াদের সাথেই মিসতাম,,,,
তোমার অনেক ভুল ছিল,তোমার অনেক ভুল আছিল,,,,
এই তিন বছরের শিশুটির দোষ কোথায় ?,এই তিন বছরের শিশুটির দোষ কোয়াই?,,,,
তোমাকে বলেছিলাম বিয়েটা করে ফেলো,তোমাকে কইলাম বিয়াটা করি ফালাইতা,,,,
শুধু তোমার ভালোর জন্য বিয়েটা করে ফেলতে বললাম,শুধু তোমার ভালার লাগি বিয়াটা করিয়া ফালাইতা কইলাম,,,,
তোমার ভালোর জন্যই আমি তোমাকে ছেড়ে দূরে চলে আসছি,তোমার ভালার লাগি মুই তোমারে ছাড়িয়া দুরই চলিয়া আইসি,,,,
আমি আর তুমি একসাথে নেই আমি এটা মানতে পারছি না,আমি আর তুমি একলগে নাই আমি এইটা মানতে ফারছি না,,,,
আমার আর আপনার স্বপ্নটা যে কবে পূরণ হবে,আমার আর আফনের স্বপ্নটা যে কুনদিন পূরণ অইতো,,,,
তোমার পরিবার আমার বাবার সাথে কথা বলতে চায়,তোমার ফরিবারের আমার বাফর লগে মাত মাততে চায়,,,,
তোমার বিয়ে হবে শুনে আমরা খুব খুশি,তোমার বিয়া হবে আমরা খুব কুশি,,,,
আমার বোন তার বন্ধুর সাথে ঘুরতে যেতে চায়,আমার বোইনর তার বন্ধুর লগে ফাকানিত যাইতে চায়,,,,
আমার বন্ধুরা সত্যিই ভালো হৃদয়ের মানুষ,আমার বন্ধুরা হাচাও ভালা মনের মানুষ,,,,
আমার বন্ধুরা সবাই খুব মেধাবী,আমার বন্ধুরা হকল খুব মেধাবী,,,,
আমার বন্ধুদের সাথে ঘুরতে খুব ভালো লাগে,আমার বন্ধুদের লগে ফাকানিত খুব ভালা লাগে,,,,
তাদের পরিবারে কোন ঝগড়া হয় না,তাদের ফরিবার কোনো ঝগরা অয় না,,,,
আমার ভাই বোনের খুব ভালো ছবি আঁকে,আমার ভাই বোইনর খুব বালা ছবি আকইন,,,,
আমার গ্রামের মানুষদের মধ্যে কোন রকম ঝগড়া নেই,আমার গ্রামর মানুষদের মধ্যে কোনো রকম ঝগড়া নাই,,,,
আপনি খুব সুন্দর করে কথা বলেন,আফনে খুব সুন্দর করিয়া মাত মাতইন,,,,
তোমার সুন্দর সুন্দর ছবিগুলো দেখে খুব আনন্দ পেয়েছি,তোমার সুন্দর সু্ন্দর ছবিগুলি দেখিয়া খুব আনন্দ পাইছি,,,,
বিয়ের পর অনেক পাতলা মেয়ে মোটা হয়ে যায়,বিয়ার পর অনেক হোকনা ফড়ি মোটা অই যায়,,,,
মেয়েরা বিয়ে করার জন্য ভদ্র ছেলে খুঁজে,ফড়িন্তর বিয়া করার লাগি ভদ্র ফুয়া তোকাইন,,,,
আমার খুব ভয় লাগছে কোনো দিন আমি কিডন্যাপ হয়ে না যাই,আমার খুব ডর লাগের কোনদিন মুই নি কিডন্যাপ অইনি যাই,,,,
আজ সিঙ্গেল বলে ঘুরতে যেতে পারি না,আইজ সিঙ্গেল বলিয়া ফাকানিত যাইতে ফারি না,,,,
বাস্তব জীবনে বিয়ের পরই ঝগড়া শুরু হয়,বাস্তব জীবনে বিয়ার পরইঝগরা শুরু অয়,,,,
আজ গরিব বলে কেউ আমাকে ভালবাসে না,আইজ গরিব বলিয়া কেউ আমারে ভালাফায় না,,,,
"যতদিন এই পৃথিবীতে থাকব , তোমাকে মনে রাখব","যতদিন এই দুনিয়াতে থাকমো, তোমারে বিতর রাখমো",,,,
একমাত্র মেয়েরাই পারে সংসার গুছিয়ে রাখতে,একমাত্র ফড়িন্তরা ফারে সংসার গুঁজিতে রাকতে,,,,
ছেলেদের সহজ সরল মনটা নিয়ে মেয়েরা ফুটবল খেলে,ফুয়ান্তর সহজ সরল মনটা নিয়া ফুড়িন্তে ফুটবল কেলইন,,,,
ছেলেটি গাড়ির নিচে পরে মারা যায়,ফুয়াটা গাড়ির নিছে ফরিয়া মারা গেছে,,,,
একবার তোমার হাঁট ধরলে আর কোনদিনও ছাড়বনা,একবার তোমার হাত ধরলে আর কোনোদিনও ছাড়তাম না,,,,
তুমি ছাড়া আমার জীবনটা অন্ধকার,তুমি চাড়া আমার জীবনটা আইন্দার,,,,
তোমার চুল পরার এই সমস্যা নিয়ে ডাক্তারের কাছে যেতে হবে,তোমার চুল পরার এই সমস্যা নিয়া ডাক্তারের কাছে যাইতে অইবো,,,,
ভালো মানুষ এই পৃথিবীতে বেশি দিন বাঁচে না,ভালা মানুষ এই দুনিয়াত বেশি দিন বাচে না,,,,
গ্রামের বাড়ির এই মেয়েটাকে খুব ভালো লেগেছিল,গ্রামের বাড়ির এই ফুড়িটারে খুব ভালা লাগচিল,,,,
ছেলেটি ছুটির দিনেও কলেজে যায়,ফুয়াটা ছুটির দিনও কলেজে যায়,,,,
আমার বাংলা সিনেমা দেখতে ভালো লাগে,আমার বাংলা সিনেমা দেকতে ভালা লাগে,,,,
তোমাকে আমি ধন্যবাদ জানাতে চাই,তোমারে মুই ধন্যবাদ জানাতে চাই,,,,
তোমার ছোট ভাইয়ের জন্মদিন কবে?,তোমাকে ছোট ভাইয়র জন্মদিন খবে?,,,,
তুমি কি আমাকে একটি ছবি তুলে দিতে পারবে,তুমি কিতা আমারে একটা ছবি তুলিয়া দিতা পারবায় নি,,,,
তোমার সাথে আমার আম্মু কথা বলতে চায়,তোমার লহে আমার আম্মা মাত তে চায়,,,,
তোমার কাছে আমি একটি পরামর্শ চাই,তোমার কাছে আমি একটা পরামর্শ চাইরাম,,,,
আপনি কি আমাকে একটি গান গেয়ে শুনাতে পারবেন ?,আফনে কিতা আমারে একটা গান হুনাতে পারবানি?,,,,
তুমি কি তোমার ভুল বুঝতে পেরেছ ?,তুমি কিতা তোমার ভুল বুঝতর ফারছোনি?,,,,
তুমি কি আমার জন্য একটি গান লিখে দিতে পারবে?,তুমি কিতা আমার লাগি একটা গান লিখিয়া দিতা ফারবানি?,,,,
আমার প্রতিদিন খেলাধুলা করতে ভালো লাগে,আমার প্রতিদিন খেলাধুলা করতে ভালা লাগে,,,,
আমার বন্ধুরা সকাল বেলা ফুটবল খেলতে মাঠে যায়,আমার বন্ধুইন্তে সকালে ফুটবল খেলাত মাঠো যাইন,,,,
তোমার বয়স কত?,থোমার বয়স কত?,,,,
আমি অনেক বড় ভুল করে ফেলেছি,আমি বহুত বড় ভুল করছি,,,,
চাঁদের আলো দেখতে আমার খুব ভালো লাগে,চান্দোর আলো দেখতে আমার ভালা লাগে,,,,
তুমি কি সকালে উঠে চা খাবে ?,থুমি কিতা সকালে উঠিয়া চা খাইবায় নি?,,,,
আপনি একটু এইদিকে আসতে পারবেন ?,আফনে থুরা ওদিকে আইতা ফারবা নি?,,,,
তোর পরিক্ষা কবে ?,থোর ফরিক্ষা কোন সময়ে?,,,,
আমাকে বিকালে খেলার মাঠে যেতে হবে,আমার বিকালে খেলার মাঠো যাইতে অইবো,,,,
কিছু মানুষ অনেক স্বার্থপর হয়,থুরা মানুষ বহুত স্বাথপর অইন,,,,
আমি একজন ভালো মানুষ হতে চাই,মুই একটা ভালা মানুষ অইতাম চাই,,,,
আমার পরিবার তোমাকে কোনদিনও মেনে নেবে না,আমার গুষ্টি -এ থোমারে মানতা না,,,,
আপনাকে ছাড়া আমার বান্ধুবি ভালো নেই,আপ্নারে ছাড়া আমার বান্ধবী ভালা নায়,,,,
মেয়েটির রাগ অনেক বেশী,ফুরি ইগুর চ্যাত বেশি,,,,
আপনি কি চান আমি এখান থেকে চলে যাই ?,আফনে চাইন নি আমি ইন তাকি যাই গি?,,,,
আপনি কি এই বিয়েতে রাজি হয়েছেন ?,আফনে এই বিয়াত রাজি নি?,,,,
আমার আব্বুর মাথা গরম থাকে,আমার আব্বার মাথা গরম থাকে,,,,
আমার বড় ভাই একজন বদমেজাজি লোক,আমার বড় ভাই এইন রাগি মানুষ,,,,
যেই মেয়ে বেশী কথা বলে তাকে আমার পছন্দ না,যে ফুড়িয়ে বেশি মাতে ইগুরে আমার ফছন্দ না,,,,
ছেলেটি অনেক বেশী কথা বলো,ফুয়া ইগুয়ে বেশি মাতে,,,,
আপনি আজ সকালে চা খান নাই,আফনে আজকে চা খাওছইন নি?,,,,
আজ সকালে আমি এবং আমার বন্ধুরা ফুটবল খেলতে মাঠে গিয়েছি,আজকে সকালে আমি আর আমার বন্ধুইন্তে ফুটবল খেলাত গেসলাম মাঠো,,,,
আমি আমার আম্মুর সব কথা খুবই মনোযোগ দিয়ে শুনি,আমি আমার আম্মার হক্কল কথা ধুন দরিয়া হুনি,,,,
আমার বান্ধুবির একটি ছোট বিড়াল আছে,আমার বান্ধুবির ছোট এখটা বিলাই আছে,,,,
লোকটি তার বউয়ের গায়ে হাত তুলে,বেটায় তার বউর গাত হাত তুলছে,,,,
তোমার কি লোক দেখানো শেষ?,তোমার কিতা মানুষ দেখানি শেষ নি?,,,,
আমার বউ আমাকে কোনদিনও খোঁচা মেরে কথা বলেনি,আমার বউয়ে আমারে কোনদিন খুছাইয়া মাতছে না,,,,
তুমি একজন ভালো মেয়ে মানুষ,তুমি একটা ভালা ফুড়ি,,,,
তোমাকে জোর করে বিয়ে দেয়া হয়েছিল,তোমারে জোড় করিয়া বিয়া দেওয়া অইছিল,,,,
তিনি দুইবেলা ভাত খেতে পারেন না,তাইন দুই বেলা ভাত খাইতা ফারইন না,,,,
তোমার পাশে থাকলে আমি কল্পনার চেয়েও বেশি সুখী থাকি,তুমি খান্দাত থাকলে স্বপ্নের থাকি বেশি সুখি থাকি,,,,
আম্মু আজকে খাবারে লবণ কম দিয়েছে,আম্মোয়ে খানিত লবণ কম দিছইন,,,,
আমার আম্মু সব সময় বেশ হাসি খুশি থাকে,আমার আম্মু সবসময় ফুরতিত থাকইন,,,,
তোমার জন্য এত কিছু করেও কোন লাভ হলো না,তোমার লাগি অতোতা করিয়া লাভ নাই,,,,
আপনি আমাকে আর কত অবাক করবেন?,আফনে আমারে আর কত অবাক করতা?,,,,
আপনি একটু কম চাপাবাজি করেন,আফনে একটু কম ছাপা মারওক্কা,,,,
আজকে আমার ছোট বোন রান্না করেছে,আজকে আমা ছোট বইনে রান্দিছে,,,,
খাবারে লবণ একটু বেশী হয়ে গেসে,খানিত লবণ বহুত বেশি অইগেছে,,,,
খাবারে লবণ কম হলে আরো ভালো লাগতো,খানিত লবণ কম অইলে ভালা অইতো,,,,
আজকে আমি বাহিরে যাবোই,আজকে আমি বাইরে যাইমো,,,,
আপনি একা একা বাহিরে ঘুরতে যান,আফনে এখলা এখলা বাইরে ঘুরায় যাইন,,,,
আমি খুব জোস মেকআপ করি,আমি খুব ভালা সাজাই,,,,
তুমি একদমই না বুঝে বেশী কথা বলো,তুমি ফুরা না বুজিয়া মাতো,,,,
"আপনাকে কিছু বলা লাগে না , আপনি এমনিতেই আমার মনের কথা বুঝে যান","আফনারে কুন্তা কওয়া লাগে না, আফনে এমনই আমার হক্কলতা বুজুইন",,,,
তোমার চোখ থাকে অন্য মেয়েদের দিকে,তোমার চোখ থাকে অন্য ফুরিন্তর বায়,,,,
তোমার বিবাহিত জীবন সুখের হোক,তোমার বিয়ার জীবন সুখর অইক,,,,
আমাদের বাসার দারওয়ান রাতে মদ খায়,তোমার চকিদারে রাত্রে মদ খায়,,,,
আমার স্বামী রাতে বন্ধুদের সাথে আড্ডা দেয়,আমার জামাইয়ে রাত্রে বন্ধুইন্তর লগে আড্ডা মারইন,,,,
আমি আর আমার আব্বু বিয়ে বাড়িতে যাচ্ছি,আমি আর আম্মু বিয়া বাড়িত যাইয়ার,,,,
তুমি আমার কাছে ধরা পড়ার পরেও পরকীয়া করার কথা স্বীকার করছ না,তুমি আমার কাছে দরা পড়িয়াও অন্য ফুরির পিছে পরকীয়াত সিকার কররায় না,,,,
একটা বিবাহিত মহিলা রাস্তা দিয়ে হেতে যাচ্ছে,এখটা বিয়াতি বেটি রাস্তা বায় হাটিয়া যার,,,,
আমার আম্মু আমার পড়াশোনার খরচ দিতে চায় না,আমার আম্মায় আমার পড়ার খরচ দিতা চাইরা না,,,,
আমার মা অনেক কষ্ট করে আমাদের বড় করেছেন,আমার আম্মু এ আমরারে বহুত কষ্ট করিয়া বড় করছইন,,,,
তোমার ছোট ভাই আগে নেশায় আসক্ত ছিল,তোমার ছুট ভাই ইগুয়ে আগে নেশা করতো,,,,
ছেলেটি সারাদিন বাহিরে বাহিরে থাকে,বেটা ইগু আস্তাদিন বাইরে বাইরে থাকে,,,,
আমার ফুফু চাচারাও আমাকে অনেক ভালবাসে,আমার ফুফু চাচায় আমারে বহুত ভালা ফাইন,,,,
আমার আম্মু আগের তুলনায় এখন অনেক ভালো আছেন,আমার আম্মু আগের তাকি বহুত ভাকা আছইন,,,,
আমি আর আমার ছোট বোন আজকে খালামুনির বাসায় ঘুরতে যাবো,আমি আর আমার ছুট বইন আজকে খালাম্মার বাসাত ঘুরাত যাইরাম,,,,
আমার বড় বোন এতো সকালে ঘুম থেকে উঠতে পারে না,আমার বড় বইন অতো সখাল ঘুম তাকি উত্তে পারে না,,,,
আমার বড় বোন প্রচন্ড অলস একটা কাজ সময়মতো করতে পারে না,আমার বড় বইন অতো অলস এখটা কাম করতে পারে না,,,,
আপনার সাথে আমার একটা জরুরি কথা আছে,আফনার লগে দরখারি খতা আছে,,,,
সকালে তাড়াতাড়ি উঠে বাহিরে একটু হেঁটে আসা খুব উপকারী,সকালে একটু তাড়াতাড়ি উঠিয়া বাইরে হাটা খুব দরখারী,,,,
তুমি কি আমটি খেয়েছিলে ?,তুমি কিতা আম খাইছলায় নি?,,,,
বাগানের মধ্যে গিয়ে আমার ছোট ভাই দৌড়াল,বাগানোর মাঝখানো আমার ছুট ভাইয়ে দৌড়ার,,,,
আপনি ফুটবল খেলায় হেরে গেলেন,আফনে ফুটবল খেলাত আরি গেসইন,,,,
তুমি ক্রিকেট খেলায় জিতলে,তুমি ক্রিকেট খেলাত জিতছো,,,,
তুই এখান থেকে যা,তুই ইন তাকি যা,,,,
আপনি আমাকে দয়া করে বিশ্বাস করেন,আফনে আমারে দয়া করিয়া বিশ্বাস করওক্কা,,,,
ছোট শিশুটি অসুস্থ হয়ে পরেছে,ছুট বাইচ্চা অসুখ অইগেসে,,,,
তুমি কি আমার জন্য অপেক্ষা করতে পারবে ?,তুমি কিতা আমার লাগি বার চাইতায় ফারবায়,,,,
তুমি আমার কাছে ক্ষমা চাও,তুমি আমার কাছে মাফ চাও,,,,
আমি বিকালে একটু ঘুমিয়ে নিলাম,আমি বিকালে ঘুমাই গেছলাম,,,,
আমার আব্বু বড় ভাইয়ের উপর রেগে গেছিলেন,আমার আব্বুয়ে বড় ভাইয়র উফরে রাগ করছইন,,,,
তোমার কথা শুনে আমি খুব অবাক হয়ে গেছিলাম,তোমার কথা হুনিয়া খুব অবাক অইছলাম,,,,
তোমার কি মাথা ব্যাথা করছে ?,তোমার কিতা মাথাত বেদনা করের নি?,,,,
আমার হাত খরচের টাকা আমার আব্বু দেয়,আমার হাত খরচ আমার আব্বুয়ে দেইন,,,,
আমার বোন ইদানীং অনেক খারাপ আচরন করে,আমার বইনে ইদানীং খারাফ আচরণ করের,,,,
আমি যেই ছেলেকে পছন্দ করি সে আমার পরিবারের কাউকে সম্মান করেনা,আমি যে ফুয়ারে ভালা ফাই ইগুয়ে আমার ফেমিলিরে সম্মান দেয় না,,,,
মেয়েটি তাকে বিয়ে করবে না বলে দিয়েছে,ফুরি ইগুয়এ বিয়া করতো না কই দিছে,,,,
বাড়ি থেকে বিয়ের জন্য আমার জন্য মেয়ে দেখা শুরু করলো,বাড়িত আমার বিয়ার লাগি ফুরি দেখা অর,,,,
আমার বিয়ে তোমার ছোট বোনের সাথে ঠিক হয়েছে,আমার বিয়া তোমার ছুট বইনর লগে ঠিক অইছে,,,,
ছেলেটি আরও দুই বছর পরে বিয়ে করতে চায়,ফুয়া ইগুয়ে দুই বছর পরে বিয়া করতো চায়,,,,
বাবা আমাদের সমস্ত সম্পত্তি বিক্রি করে আমাদের নিয়ে গ্রামের বাড়িতে চলে আসছে,আব্বুয়ে হক্কলতা বেছিয়া গ্রামোর বাড়িত লইয়া আচ্চুইন,,,,
আমি সবাইকে বুঝিয়ে বুঝিয়ে ক্লান্ত যে আমার আম্মু এরকম কিছু করে নাই,আমি হক্কলরে বুজাইয়া হেরান যে আম্মুয়ে কোন্তা করছইন না,,,,
তাদের পারিবারিক ভাবেই বিয়ে হয়েছে,তারার ফেমিলিগত ভাবে বিয়া অইছে,,,,
তাদের প্রেম করে বিয়ে হয়েছিল,তারার ফ্রেম করিয়া বিয়া অইছিল,,,,
আমার শাশুড়ি অনেক ভালো রান্না করে,আমার শাশুড়ী এ বহুত ভালা রান্দইন,,,,
বাবা অশিক্ষিত একটা ছেলের সাথে আমার বিয়ে দিতে চেয়েছিল,আব্বুয়ে বখলম ফুয়ার লগে বিয়া দিতা চাইছলা,,,,
আব্বু মান সন্মানের ভয়ে মামলা করেননি,আব্বুয়ে সম্মানোর লাগি মামলা করছইন না,,,,
ছেলেটি চাচার ভয়ে তার বাবাকে সত্যি কথা বলতে পারেনি,ফুয়ায় চাচার লাগি তার বাফরে সত্য কথা কইতে পারছে না,,,,
আমি তখন খুব ছোট যখন আমার মা মারা গিয়েছিল,আমি যখন খুব ছোট আসলাম যখন আমার আম্মু মরছিলা,,,,
গ্রামের থেকে আসা ছেলেটি এখন ঢাকায় পড়াশুনা করছে,গ্রাম থাকি আওয়া ফুয়া ইগু এখন ঢাকাত পড়ে,,,,
আমার সাথে তার পরিচয় হয়েছে স্কুলে গিয়ে,আমার লগে তার ফরিচয় অইছে তার ইস্কলো গিয়া,,,,
আমাকে দয়া করে পরামর্শ দিন আমি এখন কি করতে পারি,আমারে দয়া খরিয়া ফয়সালা দেওক্কা আমি কিতা করতে পারি,,,,
আমার বাহিরে ঘুরতে যাওয়ার কোন ইচ্ছা ছিল না,আমার বাইরে ঘুরার কোন ইচ্চা আসিল না,,,,
ছেলেটা সিগারেট পর্যন্ত খায় না,ফুয়া ইগু সিগারেট খায় না,,,,
প্রথমদিকে আপনাকে আমি এত ভালোবাসতাম না,ফতম দিকে আফনারে আমি ভালা ফাইতাম না,,,,
ছেলেটি সপ্তাহখানেক আগে আমাদের সাথে দেখা করেছে,ফুয়া ইগুর ৭ দিন আগে দেখা অইছিল,,,,
ওই মেয়েকে যেভাবেই হোক খুঁজে বের করতে হবে,অউ ফুরি ইগুরে যেলা অউক তুকাইয়া বার করতে অইবো,,,,
ছেলেটির ঘটনা শুনে আমরা তাকে সাহায্য করি,ফুয়া ইগুর হক্কলতা হুনিয়া আমার তারে সাহায্য করছি,,,,
ছেলেটি তার পরিবারসহ ঈদের আগের দিন আমাদের সাথে দেখা করতে আসে,ফুয়া ইগুয়ে তার ফেমিলিসহ ঈদের আগের দিন আমরার লগে দেখা করাত আইছিল,,,,
মেয়েটি বাংলাদেশে এসে তার পছন্দের ছেলের সাথে বিয়ে ঠিক করেছে,ফুড়িটা বাংলাদেশো আইয়া তার ফছন্দর ফুয়ার লগে বিয়া ঠিক করছইন,,,,
আমাদের এলাকায় কেরোসিন তেলের দাম বেড়ে গেছে,আমাদের এলাকায় কেরোসিন তেলের দাম বাড়ি গেছে,,,,
আমার প্রতিদিন পেয়ারা খেতে খুব ভালো লাগে,আমার প্রতিদিন সফরি খাইতে খুব ভালা লাগে,,,,
পেয়ারা আমার প্রিয় ফল,সফরি আমার প্রিয় ফল,,,,
আমার আব্বু প্রতিদিন নারিকেল পানি পান করে,আমার আব্বু প্রতিদিন নাইকলের ফানি ফান করইন,,,,
আমার দাদার বাড়ীর পিছনে একটি পেয়ারা গাছ আছে,আমার দাদার বাড়ীর ফিছনে একটা সফরি গাছ আছে,,,,
আম্মু রান্নাঘরে বসে মোরগের মাংস রান্না করছে,আম্মা রান্নাঘরো বইয়া মোরগির মাংস রান্না কররা,,,,
গ্রামের মানুষরা মাটির পাতিলে রান্না করে,গ্রামের মানুষরা মাটির ফাতিলো রান্দা করইন,,,,
আমার ছোট ভাই শিমের তরকারী দিয়ে ভাত খেতে খুব ভালবাসে,আমার ছোট ভাই উরি তরকারি দিয়া ভাত খাইতে ভালাফায়,,,,
এই শিশুটি পাকা পেঁপে খাচ্ছে,এই শিশুটা পাকা কইফল খাইরা,,,,
আব্বু গ্রাম থেকে আসার সময় অনেক বড় বড় জাম্বুরা কিনে এনেছে,আব্বা গেরাম থাকি আওয়ার সময় বহুত বড় বড় জাম্বুরা কিনিয়া আনছইন,,,,
আমার আম্মু জামরুল খাচ্ছে,আমার আম্মা জামির খাইরা,,,,
আমার ছোট ভাই বিকালে ছাদে উঠে পাশের বাসার ছাদের কবুতর দেখে,আমার ছোট ভাই বিকালে ছাদে পাশের বাসার ছাদের কবুতর দেখইন,,,,
আমাদের গ্রামের বাড়িতে অনেক গুলা মুরগির বাচ্চা আছে,আমাদের গেরামের বাড়িতে বহুত মুরগির বাচ্চা আছে,,,,
শিশুটি একটি মুরগির বাচ্চা কলে নিয়েছে,শিশুটা একটা মুরগীর বাচ্চা কোলো নিছইন,,,,
আমার ছোট বোন খুবই বোকা,আমার ছোট বোইন খুবই বোকা,,,,
গ্রামের বারি গিয়ে আমি একা একা সাঁতার কেটেছি,গেরামের বারি গিয়া মুই একা একা হাতার কেটেছি,,,,
"আমার আব্বু , আম্মু , ভাই, বোন ড্রয়িংরুমে বসে আছে","আমার আব্বা, আম্মা, ভাই, বোন ড্রয়িংরুমে বইয়া আছে",,,,
আমাদের ঘরের স্টোররুমটি অনেক বড়,আমাদের ঘরের স্টোররুমটা বহুত বড়,,,,
শিশুটি একটি বিড়াল ছানাকে আদর করছে,শিশুটা একটা বিড়াল ছানাকে আদর করছে,,,,
লাকড়ির চুলায় রান্না করা খাবার খুব মজা,লাকড়ির চুলায় রান্না করা খাবার বহুত মজা,,,,
আমার বড় ভাই বেগুন তরকারির ঝোল দিয়ে দুপুরে ভাত খেয়েছে,আমার বড় ভাই বেগুন তরকারির ঝোল দিয়া দুপুরে ভাত খাইছে,,,,
আমার আব্বু লাউ দিয়ে চিংড়ি মাছের ঝোল খুব পছন্দ করে,আমার আব্বা লাউ দিয়া ইচা মাছর ঝোল কুব ফছন্দ করুইন,,,,
আমার শীতের দিনে গোসল করতে ভালো লাগে না,আমার শীতর দিনে গোসল করতে ভালা লাগে না,,,,
আমার বোন গ্রামের বাড়ীতে গিয়ে পুকুরে গোসল করে,আমার বোন গেরামের বাড়ীতে গিয়া ফুসকনিতে গোসল করইন,,,,
আমার আম্মু বলে যে তেঁতুল খেলে আমার বুদ্ধি কমে যাবে,আমার আম্মা কইরা যে তেতুল খাইয়া আমার বুদ্ধি কমি যাইবো,,,,
আমার আব্বু বাজার থেকে আমাদের জন্য তেঁতুল কিনে এনেছে,আমার আব্বা বাজার থাকি আমাদের লাগি তেতুল কিনিয়া আনছইন,,,,
আমার গ্রামের বাড়ীর উঠান অনেক বড়,আমার গেরামের বাড়ীর উঠান অনেক বড়,,,,
এই শিশুটি গ্রামের বাড়ীর উঠানে খেলছে,এই শিশুটা গেরামের বাড়ীর উঠানো খেলরা,,,,
ছোট বাচ্চাটি অনেক অসুস্থ,ছোট বাচ্চাটা বহুত অসুক,,,,
একটি আহত শিশুটি রাস্তায় দাঁড়িয়ে কাঁদছে,একটা আহত শিশুটা রাস্তায় দাড়িনিত কান্দের,,,,
আমার ছোট বোনকে আজকে সকালে হাসপাতালে নেয়া হয়েছে,আমার ছোট বোইনকে আইজকে সকালে হাসপাতালে নেওয়া হয়েছে,,,,
আব্বু বলেছে বৃষ্টি হলে বারান্দার গাছে পানি দেওয়ার প্রয়োজন নাই,আব্বা বলেছে বৃষ্টি অইলে বারান্দাত গাছে ফানি দেওয়ার প্রয়োজন নাই,,,,
আমার আম্মু বৃষ্টি হলেও বারান্দার গাছে পানি দেয়,আমার আম্মা বৃষ্টি অইলেও বারান্দাত গাছো ফানি দিছইন,,,,
আব্বু বলেছে গাছে অতিরিক্ত পানি দিলে গাছ মারা যায়,আব্বা কইছইন গাছো অতিরিক্ত ফানি দিলে গাছ মরি যাইবো,,,,
গতকাল বিকালে আমাদের এখানে অনেক বৃষ্টি হয়েছে,গতকাইল বিকালে আমাদের এখানে বহুত বৃষ্টি অইছে,,,,
আমার আম্মু আজক শশার তরকারি রান্না করেছে,আমার আম্মা আইজ কে শশার তরকারি রান্দা করছইন,,,,
গরমের দিনে লবণ দিয়ে শশা খেতে খুব ভালো লাগে,গরমের দিনো নোন দিয়া শশা খাইতে যে ভালা লাগে,,,,
শশা খেতে অনেক সুস্বাদু,শশা খাইতে বহুত সুস্বাদু,,,,
আব্বু আজকে সকালে বাজার থেকে টমেটো কিনে এনেছে,আব্বা আইজকে বিয়ানে বাজার থাকি টমেটো কিনিয়া আনছইন,,,,
দিন দিন টমেটোর দাম বেড়ে চলছে,দিন দিন টমেটোর দাম বাড়িয়া চলছে,,,,
আমার সরিষার তেল দিয়ে মাছ ভাজা খেতে খুব ভালো লাগে,আমার সরিষার তেল দিয়া মাছ ভাজা খাইতে খুব ভালা লাগে,,,,
আমার দাদা চুলে সরিষার তেল দেয়,আমার দাদা চুলো সরিষার তেল দেইন,,,,
আমার নানা বলেছে সরিষার তেল চুল পড়া কমায়,আমার নানা কইছইন সরিষার তেল চুল ফড়া কমায়,,,,
এক কৃষক বাজারে টমেটো বিক্রি করে,এক কৃষক বাজারে টমেটো বেছইন,,,,
আমার আব্বু গায়ে সরিষার তেল মালিশ করে,আমার আব্বা গতরো সরিষার তেল মালিশ করইন,,,,
দিন দিন আমি খুব অসুস্থ হয়ে যাচ্ছি,দিন দিন মুই খুব অসুস্থ অই যাইরাম,,,,
যেখানে সেখানে থুথু ফেলা একদম নিষেধ,যেখানে সেখানে সেব ফালালি একবারে নিষেদ,,,,
আমার আম্মু বলেছে প্রতিদিন তেতুল খেলে আমার শরীরের রক্ত পানি হয়ে যাবে,আমার আম্মা কইছইন প্রতিদিন তেতুল খাইলে আমার শরীরের রক্ত ফানি অই যাইবো,,,,
আমার ছোট ভাইয়ের প্রিয় ফল হলো জামরুল,আমার ছোট ভাইয়ের প্রিয় ফল অইলো জামির,,,,
শিশুটির কিছু দিন ধরে সর্দি কাশি,শিশুটার কিছুদিন ধরিয়া সর্দি কাশি,,,,
আমাদের গ্রামের বাজারে অনেক বড় একটি দেশী মুরগীর দোকান আছে,আমাদের গেরামের বাজারে বহুত বড় একটা দেশি মোরগির দোকান আছে,,,,
সকালে ঘুম থেকে উঠে নারিকেল পানি খেতে আমার খুব ভালো লাগে,বিয়ানে ঘুম থাকি উঠিয়া নাইকল ফানি খাইতে আমার খুব ভালা লাগে,,,,
আমি আজকে শিম ভাজি দিয়ে দুপুরে ভাত খেয়েছি,আমি আইজকে উরি ভাজি দিয়া মাধানে ভাত খাইছি,,,,
মা আমার জন্য শিম ভাজি রান্না করছে,মা আমার লাগি উরি ভাজি রান্দা করছইন,,,,
আম্মু রান্নাঘরে বসে মাটির পাতিলে মুরগির মাংস রান্না করছে,আম্মা রান্দাঘরো বইসা মাটির পাতিলো মুরগির মাংস রান্দা করছইন,,,,
অনেক মানুষই শখের বশে ছাদের উপর কবুতর পালন করে,বহুত মানুষই শখের বশে ছাদের উপর কইতর ফালে,,,,
দুইদিন ধরে আমার অনেক সর্দি-জ্বর,দুইদিন ধরিয়া আমার অনেক সর্দি- তাফ,,,,
সকালে ঘুম থেকে উঠেই ঘরের স্টোররুমটি পরিষ্কার করতে হবে,বিয়ানে ঘুম থাকি উঠিয়া ঘরের স্টোররুমটা পরিষ্কার করতো অইবো,,,,
লবণ দিয়ে পেয়ারা খেতে আমার ছোট বোন খুব পছন্দ করে,নোন দিয়া সফরি খাইতে আমার ছোট বোইন খুব ফছন্দ করইন,,,,
মা রান্নাঘরে বসে আমার বাবার জন্য শিমের তরকারি রান্না করছে,আম্মা রান্দাঘরো বইয়া আমার বাবার লাগি উরির তরকারি রান্দা করছইন,,,,
আমি আর আব্বু গতকাল সিলেট থেকে ঢাকায় এসেছি,আমি আর আব্বা গতকাইল সিলেট থাকি ডাকাত আইছি,,,,
আম্মু লাকড়ির চুলায় রান্না করছে,আম্মা লাকড়ির চুলাত রান্দা করছইন,,,,
আমার বড় বোনটি কাঁচা আমের শরবত খেতে খুব ভালবাসে,আমার বড় বোইনটা কাচা আমর শরবত খাইতে খুব ভালাফায়,,,,
এই বকা ছেলেটি দুইদিন ধরে পড়ালেখা করছে না,এই ফুঙ্গা ফুয়াটা দুইদিন ধরিয়া ফড়ালেখা করছইন না,,,,
বিকালে আম্মু আমার জন্য শসার সুপ রান্না করেছে,বিকালে আম্মা আমার লাগি শসার সুপ রান্দা করছইন,,,,
আমার স্কুলে কোনো খেলার মাঠ নেই,আমার স্কুলে কোনতা খেলার মাঠ নাই,,,,
আমরা সবাই একসাথে খেলা দেখছিলাম,আমরা সবাই একসাথে খেল দেখছিলাম,,,,
বিশ্বকাপ ক্রিকেট খেলা আজকে থেকে শুরু,বিশ্বকাপ ক্রিকেট খেলা আইজকে থাকি শুরু,,,,
আজকে ইংল্যান্ড বিশ্বকাপ ক্রিকেট খেলায় জিতে গেছে,আজকে ইংল্যান্ড বিশ্বকাপ ক্রিকেট খেলাত জিতি গেছে,,,,
চল আমরা সবাই গান গাই,চলো আমরা সবাই গান গাই,,,,
তুমি কি আমাকে এক গ্লাস পানি এনে দিতে পারবে ?,তুমি কি আমারে এক গ্লাস ফানি এনে দিতায় ফারবা?,,,,
আমি পারবো না পানি দিতে,আমি পারবো না ফানি দিতে,,,,
তোমার ভাই পড়ালেখাতে অনেক মেধাবি,তোমার ভাই ফড়ালেখাতে বহুত মেধাবি,,,,
আচ্ছা বলো দেখি বাংলাদেশে কয়টি জেলা?,আইচ্চা কও দেখি বাঙলাদেশো কয়টা জেলা?,,,,
সামনের দিকে যেয়ে মেয়েটি অনেক হাসবে,সামনর দিকে যাইয়া ফুড়িটা বহুত হাসবো,,,,