bangla_speech,sylhet_bangla_speech,zero,few,cot,context,which one is best
তোমার আব্বু কেমন আছে?,তোমার আব্বা বালা আছইন নি?,তোঁয়ার আব্বু কিলা আছে?,তোমার আব্বা ভালা আছে?,তোমার আব্বু কেমন আসে?,তুমার আব্বা কিলা আছে নি?,Context
আমার বড় বোনের আজকে মন ভালো নেই,আমার বড় বইনর আইজ মন ভালা নায়,আমার বড় বইনর আইজ মন ভালা নাই।,আমার বড় বইনর আইজকু মন ভালা নায়,আমার বড় বইনের আইজ মন ভালা নাই।,আমার বড় বইনর আইজকু মন ভালা নায়।,Zero
তুমি কি আমাকে এই কাজটি করে দিতে পারবে?,তুমি কিতা মোরে এই কাজটা করাই দিতা পারবা নি?,তুঁই কি আমারে এই কামটা কইরা দিতা ফারবি?,তুমি কিতা আমারে এউ খাজটা খইরা দিতা ফারবা?,তুই কি আমারে এই কামটা কইরা দিতে পারবি?,তুমি কিতা মোরে অউ কামটা খরি দিতা পারবে নি?,Context
এই গরমে বাহিরে বের হতে ইচ্ছা করে না,এই গরমো বাইরে বাইর অইতে জানে কয় না,এই গরমত বাইরে বাইরা যাইতে মন নাকরে।,অউ গরমো বাইরে বাইরা যাইত ইচ্ছা খরের না,এই গরমে বাইরে বাইরতে ইচ্ছা করে না।,অউ গরমো বাইরে বাইরত ইচ্ছা করে না।,Context
তোমার সব কথাই ভুল,তোমার সব মাত ভুল,তোঁয়ার সব কথাই ভুল।,তোমার সব কথাই ভুল,তোমার সব কথাই ভুল।,তুমার হখল কথাউ ভুল।,Context
তোমার মত খারাপ ছেলে আমি আর একটাও দেখিনি,তোমার মত খারাফ পুয়া মুই আর একটাও দেখছি না,তোঁয়ার মত খারাপ ফোয়া আমি আর এটা দেখি নাই।,তোমার মতন খারাপ ফুয়া আমি আর এখটাও দেখি নাই,তোমার মত খারাপ ফুয়া আমি আর একটাও দেখিনাই।,তুমার লাখান খারাফ ফুয়া মুই আর এখটাউ দেখছি না।,Context
বিয়ের জন্য আম্মা আমার জন্য ছেলে খুজতাসে,বিয়ার লাগি মাই মুর লাগি ফুয়া খুজিরা,বিয়ার লাই আম্মা আমার লাই ফোয়া খোঁজতাছে।,বিয়ার লাই আম্মা আমার লাই ফুয়া খুজতাসে,বিয়ার লাই আম্মা আমার লাই ফুয়া খুঁজতাসে।,বিয়ার লাগি আম্মায় মোর লাগি ফুয়া খুজরা।,Context
আব্বা আমাকে গতকাল একটা ছেলের সাথে দেখা করতে বলেছিল,আব্বা মোরে গতকাল এক ফুয়ার লগে দেখা করতে কইছলা,আব্বা আমারে কাইল এটা ফোয়ার লগে দেখা করতে কইছিল।,আব্বা আমারে গতকাইল এখটা ফুয়ার লগে দেখা করাত কইছিল,আব্বা আমারে গতকাইল একটা ফুয়ার লগে দেখা করতে কইছিল।,আব্বা মোরে গতকাইল এখটা ফুয়ার লগে দেখা করাত কইছিল।,Context
ছেলেটিকে আমার একদমই ভালো লাগেনি,ফুয়াটারে মোর একদমই ভালা লাগে নাই,ফোয়াটারে আমার এক্কেবারে ভালা লাগে নাই।,ফুয়াটারে আমার এক্কেবারে ভালা লাগে নাই,ফুয়াটারে আমার একদমই ভালা লাগেনাই।,ফুয়াটারে আমার এখেবারেউ ভালা লাগে না।,Context
মেয়েটি গোলাপি রঙের শাড়ি পরে এসেছিল,ফুরিটা গোলাপি রঙের শাড়ি পরিয়া আইছিল,মাইয়াটি গোলাপি রঙর শাড়ি ফইরা আইছিল।,ফুড়িটায় গোলাপি রংগর শাড়ি পিন্দিয়া আইছিল,মাইয়াডা গোলাপি রঙের শাড়ি পইরা আইছিল।,ফুড়িটায় গোলাপি রংগর শাড়ি পিন্দিয়া আইছিল।,Context
আমার দুইদিন পরে বিয়ে হবে,আমার দুইদিন ফরে বিয়া অইবো,আমার দুইদিন ফরে বিয়া হইব।,আমার দুই দিন ফরে বিয়া অইব,আমার দুইদিন পরে বিয়া হইব।,আমার দুইদিন বাদে বিয়া অইবো।,Context
ছেলেটি এখন আর বিকালে খেলতে বের হয় না,ফুয়াটা এখন আর বিকালে খেলাত বারয় না,ফোয়াটি এহন আর বিকালত খেলতে বাইর নাহয়।,ফুয়াটায় এহন আর বিকালে খেইলতে বাইরে না,ফুয়াডা এহন আর বিকালে খেলতে বাইরে না।,ফুয়াটায় এখন আর বিকালত খেলাত বাইরে না।,Context
মেয়েটি সকালে ঘুম থেকে উঠেই পরতে বসে,ফুরিটা সকালে ঘুম থাকি উঠেই ফরাত বয়,মাইয়াটি সকালত ঘুম থাইক্কা উইঠা পড়তে বইসে।,ফুড়িটায় শকালে ঘুম থাইক্কা উইঠা পড়তে বয়,মাইয়াডা সকালে ঘুম থেকে উঠিয়াই পড়তে বইসে।,ফুড়িটায় বিয়ানে গুম থাকি উঠিয়া পড়াত বইয়া।,Context
আমার চাচা বিদেশ থেকে গতকাল বাংলাদেশে এসেছে,আমার চাচা বিদেশ থাকি গতকাল বাংলাদেশে আইছে,আমার চাচা বিদেশ থাইক্কা কাইল বাংলাদেশত আইছে।,আমার চাচা বিদেশ থাইক্কা গতকাইল বাংলাদেশে আইছে,আমার চাচা বিদেশ থেকে গতকাইল বাংলাদেশে আইছে।,আমার চাচা বিদেশ থাকি গতকাইল বাংলাদেশো আইছে।,Context
আমার বাসার দারওয়ান অনেক ভালো মানুষ,আমার বাসার দারওয়ান অনেক ভালা মানুষ,আমার বাসার দারোয়ান অনেক ভালা মানুষ।,আমার বাসার দারওয়ান বড় ভালা মানুষ,আমার বাসার দারোয়ান অনেক ভালা মানুষ।,আমার বাসার দারোয়ান বাক্কা ভালা মানুষ।,Context
আমার বন্ধু খুলনা ঘুরতে গিয়েছে,আমার বন্ধু খুলনা বেরানিত গেছইন,আমার বন্ধু খুলনা ঘুরতে গেছে।,আমার বন্ধু খুলনা ঘুইরত গেইছে,আমার বন্ধু খুলনা ঘুইরতে গেছে।,আমার বন্ধু খুলনা পাখানিত গেছে।,Context
আমার ঘুরতে অনেক ভালো লাগে,আমার বেরাইতে অনেক ভালা লাগে,আমার ঘুরতে অনেক ভালা লাগে।,আমার ঘুইরত বড় ভালা লাগে,আমার ঘুইরতে অনেক ভালা লাগে।,আমার পাখানিত বাক্কা ভালা লাগে।,Context
আমি বিদেশে গিয়ে অনেক ঘুরতে চাই,মুই বিদেশে গিয়া অনেক বেরাইতে চাই,আমি বিদেশত গিয়া অনেক ঘুরতে চাই।,আমি বিদেশে গিয়া বড় ঘুইরত চাই,আমি বিদেশে গিয়া অনেক ঘুইরতে চাই।,মুই বিদেশ গিয়া বাক্কা পাখানিত চাই।,Context
তুমি আমাকে বিরক্ত করো না,তুমি মোরে বিরক্ত করবা না,তুঁই আমারে বিরক্ত কর না।,তুমি আমারে বিরক্ত খরো না,তুই আমারে বিরক্ত করিস না।,তুমি মোরে বিরক্ত খরো নায়।,Context
তিনি আমাকে অনেক অপমান করেছে,তাইন মোরে অনেক অপমান করছইন,তিনি আমারে অনেক অপমান কইছে।,তিনি আমারে বড় অপমান খইছে,তিনি আমারে অনেক অপমান কইছে।,তাইন মোরে বাক্কা অপমান খরছে।,Context
আমার সকালে উঠে বই পরতে অনেক ভালো লাগে,মোর সকালে উঠিয়া বই পরতে অনেক ভালা লাগে,আমার সকালত উইঠা বই পড়তে অনেক ভালা লাগে।,আমার শকালে উইঠা বই পড়ত বড় ভালা লাগে,আমার সকালে উঠিয়া বই পড়তে অনেক ভালা লাগে।,আমার বিয়ানে উঠিয়া বই পড়াত বাক্কা ভালা লাগে।,Context
আমার ছোট ভাই একদমই পড়ালেখা করতে চায় না,মোর ছোট ভাই একদমই পড়ালেখা করতে চাইন না,আমার ছোট ভাই এক্কেবারে পড়ালেখা করতে চায় না।,আমার খুদা ভাই এক্কেবারে পড়ালেখা খরত চায় না,আমার ছোট ভাই একদমই পড়ালেখা করতে চায় না।,আমার ছুটো ভাউ এখেবারেউ পড়ালেখা খরতো চায় না।,Context
আমার ছোট ভাই বিদ্যালয়ে যেতে চায় না,মোর ছোট ভাই বিদ্যালয় যাইতে চায় না,আমার ছোট ভাই বিদ্যালয়ত যাইতে চায় না।,আমার খুদা ভাই বিদ্যালয়ে যাইত চায় না,আমার ছোট ভাই বিদ্যালয়ে যাইতে চায় না।,আমার ছুটো ভাউ ইস্কুলো যাইতো চায় না।,Context
আমার ছোট ভাইয়ের বিদ্যালয়ে গিয়ে পড়ালেখা করতে ভাল লাগে না,মোর ছোট ভাইয়র বিদ্যালয়ে গিয়া পড়ালেখা করতে ভালা লাগে নানি,আমার ছোট ভাইর বিদ্যালয়ত গিয়া পড়ালেখা করতে ভালা লাগে না।,আমার খুদা ভাইয়ের বিদ্যালয়ে গিয়া পড়ালেখা খরত ভালা লাগে না,আমার ছোট ভাইয়ের বিদ্যালয়ে গিয়া পড়ালেখা করতে ভালা লাগে না।,আমার ছুটো ভাউর ইস্কুল গিয়া পড়ালেখা খরতো ভালা লাগে না।,Context
আমি একদিন বিদ্যালয়ের মাঠে মাথা ঘুরিয়ে পরে গিয়েছিলাম,মুই একদিন বিদ্যালয়ের মাঠো মাথা ঘোরাইয়া ফরি গেছিলাম,আমি একদিন বিদ্যালয়র মাঠত মাথা ঘুইরা পইড়া গেছিলাম।,আমি এখদিন বিদ্যালয়র মাঠে মাথা ঘুরাইয়া পইড়া গেইছিলাম,আমি একদিন বিদ্যালয়ের মাঠে মাথা ঘুইরা পড়ি গেছিলাম।,মুই এখদিন ইস্কুলর মাঠো মাথা গুরাইয়া পড়ি গেছিলাম।,Context
আপনি কি আমাকে কোনদিনও ভালবাসবেন না ?,আফনে কিতা আমারে কোনোদিনও ভালা ফাইতা না,আফনে কি আমারে কুনদিনো ভালবাসবেন না?,আফনে কিতা আমারে কুনদিনও ভালবাসবেন না?,আপনে কি আমারে কোনদিনও ভালবাসবেন না?,আফনে কিতা মোরে কুনোদিন ভালা পাইবা নায় নি?,Context
আমার বন্ধু আজকে সকালে ফুটবল খেলেছে,আমার বন্ধু আইজকে সকালে ফুটবল খেলছে,আমার বন্ধু আইজ সকালত ফুটবল খেইলছে।,আমার বন্ধু আইজকু শকালে ফুটবল খেইলছে,আমার বন্ধু আইজ সকালে ফুটবল খেইলছে।,আমার বন্ধু আইজকু বিয়ানে ফুটবল খেলাইছে।,Context
তুমি আমার মনের কথা একদমই বুঝো না,তুমি আমার ভিতরর মাত একদমই বুঝো না,তুঁই আমার মনর কথা এক্কেবারে বুঝ না।,তুমি আমার মনর কথা এক্কেবারে বুঝো না,তুই আমার মনের কথা একদমই বুঝস না।,তুমি আমার মনর কথা এখেবারেউ বুজো না।,Context
আমার আম্মু অনেক ভালো রান্না করে,আমার মাই অনেক ভালা রান্দা করইন,আমার আম্মু অনেক ভালা রান্না করে।,আমার আম্মু বড় ভালা রান্না খরে,আমার আম্মু অনেক ভালা রান্না করে।,আমার আম্মায় বাক্কা ভালা রান্না করে।,Context
আমার বন্ধু এখন ঘুমাতে যাবে,আমার বন্ধু এখন হুতনো যাইবো,আমার বন্ধু এহন ঘুমাইতে যাইব।,আমার বন্ধু এহন ঘুমাইত যাইব,আমার বন্ধু এহন ঘুমাইতে যাইব।,আমার বন্ধু এখন গুমাইতো যাইবো।,Context
আমার ছোট বোন নাচতে পারে,আমার ছোট বোইন নাচতে ফারে,আমার ছোট বইন নাচতে পারে।,আমার খুদা বইন নাচত ফারে,আমার ছোট বইন নাচতে পারে।,আমার ছুটো বইন নাচতা পারে।,Context
আমার বন্ধু এইবার ছুটিতে রাজশাহী ঘুরতে যাবে,আমার বন্ধু এবার ছুটিতে রাজশাহী ফাকানিত যাইবো,আমার বন্ধু এইবার ছুটিত রাজশাহী ঘুরতে যাইব।,আমার বন্ধু এইবার ছুটিত রাজশাহী ঘুইরত যাইব,আমার বন্ধু এইবার ছুটিতে রাজশাহী ঘুইরতে যাইব।,আমার বন্ধু এইবার ছুটিত রাজশাহী পাখানিত যাইবো।,Context
আমার বন্ধু যাকে ভালবাসে সে রাজশাহী থাকে,আমার বন্ধু যারে ভালা ফায় হে রাজশাহী থাকে,আমার বন্ধু যারে ভালবাসে সে রাজশাহী থাকে।,আমার বন্ধু যারে ভালবাসে সে রাজশাহী থাকে,আমার বন্ধু যারে ভালবাসে সে রাজশাহী থাকে।,আমার বন্ধু যারে ভালা পায় হে রাজশাহী থাকে।,Context
মেয়েটি রাজশাহী থেকে আমার বড় ভাইয়ের সাথে দেখা করতে এসেছিল,ফুড়িটা রাজশাহী থাকি আমার বড় ভাইয়র লগে দেখা করাত আইছলা,মাইয়াটি রাজশাহী থাইক্কা আমার বড় ভাইর লগে দেখা করতে আইছিল।,ফুড়িটায় রাজশাহী থাইক্কা আমার বড় ভাইয়র লগে দেখা করাত আইছিল,মাইয়াডা রাজশাহী থেকে আমার বড় ভাইয়ের লগে দেখা করতে আইছিল।,ফুড়িটায় রাজশাহী থাকি আমার বড় ভাউর লগে দেখা করাত আইছিল।,Context
মেয়েটি এখন সিলেট যাবে,ফুড়িটা এখইন সিলট যাইবা,মাইয়াটি এহন সিলেট যাইব।,ফুড়িটায় এহন সিলেট যাইব,মাইয়াডা এহন সিলেট যাইব।,ফুড়িটায় এখন সিলেট যাইবো।,Context
আমার বড় ভাই এখন তাঁর বন্ধুদের সাথে সিগারেট খায় না,আমার বড় ভাই এখইন হের বন্ধুদের লগে সিগারেট খায় না,আমার বড় ভাই এহন তার বন্ধুগো লগে সিগারেট খায় না।,আমার বড় ভাই এহন তাঁর বন্ধুগো লগে সিগারেট খায় না,আমার বড় ভাই এহন তার বন্ধুগো লগে সিগারেট খায় না।,আমার বড় ভাউ এখন তার বন্ধুরার লগে সিগারেট খায় না।,Context
আপনি কি আমাকে আগে কোনদিন দেখেছেন ?,আফনে কিতা আমারে আগে কোনোদিন দেখছিলানি,আফনে কি আমারে আগে কুনদিন দেখছেন?,আফনে কিতা আমারে আগে কুনদিন দেখছেন?,আপনে কি আমারে আগে কোনদিন দেখছেন?,আফনে কিতা মোরে এর আগে কুনোদিন দেখছইন নি?,Context
আপনি কি আমাকে চিনতে পেরেছেন?,আফনে কিতা আমারে চিনইন নি,আফনে কি আমারে চিনতে ফারছেন?,আফনে কিতা আমারে চিনত ফারছেন?,আপনে কি আমারে চিনতে পারছেন?,আফনে কিতা মোরে চিনতা পারছইন নি?,Context
ছেলেটি আমাকে চিনতে পারল না,ফুয়াটায় আমারে চিনতে ফারলো না,ফোয়াটি আমারে চিনতে পারল না।,ফুয়াটায় আমারে চিনত ফারল না,ফুয়াডা আমারে চিনতে পারল না।,ফুয়াটায় মোরে চিনতা পারলা না।,Context
মেয়েটি তোমাকে চিনতে পারল না,ফুড়িটায় তোমারে চিনতে ফারলো না,মাইয়াটি তোঁয়ারে চিনতে পারল না।,ফুড়িটায় তোমারে চিনত ফারল না,মাইয়াডা তোমারে চিনতে পারল না।,ফুড়িটায় তুমারে চিনতা পারলা না।,Context
আমার এখন পড়ালেখা করা উচিত,আমার এখইন ফড়ালেখা করা উচিৎ,আমার এহন পড়ালেখা করা উচিত।,আমার এহন পড়ালেখা খরা উচিত,আমার এহন পড়ালেখা করা উচিত।,আমার এখন পড়ালেখা খরা উচিত।,Context
অনেক রাত হয়েছে এখন আমার ছোট বোন ঘুমাতে যাবে,অনেক রাইত অইছে এখইন আমার ছোট বোইন ঘুমাইতে যাইবো,অনেক রাইত হইছে এহন আমার ছোট বইন ঘুমাইতে যাইব।,বড় রাত অইছে এহন আমার খুদা বইন ঘুমাইত যাইব,"অনেক রাত হইছে, এহন আমার ছোট বইন ঘুমাইতে যাইব।",বাক্কা রাইত অইছে এখন আমার ছুটো বইন গুমাইতো যাইবো।,Context
আমাকে পরিক্ষার আগে সব কিছু নিয়ে পড়ালেখা করতে হবে,আমাকে পরিক্ষার আগে হকল কিছু নিয়া ফড়ালেখা করত অইবো,আমারে পরীক্ষার আগে সবকিছু লইয়া পড়ালেখা করতে হইব।,আমারে পরীক্ষার আগে সব কুনতা নিয়া পড়ালেখা খরত অইব,আমারে পরীক্ষার আগে সব কিছু নিয়া পড়ালেখা করতে হইব।,মোরে ফরিক্ষার আগে হখল কুনতা লইয়া পড়ালেখা খরা লাগবো।,Context
আমার ছোট ভাই বিদ্যালয়ে গিয়ে বন্ধুদের সাথে গল্প করে,আমার ছোট ভাই বিদ্যালয় গিয়া বন্ধুদের লগে গল্প করইন,আমার ছোট ভাই বিদ্যালয়ত গিয়া বন্ধুগো লগে গল্প করে।,আমার খুদা ভাই বিদ্যালয়ে গিয়া বন্ধুগো লগে গল্প খরে,আমার ছোট ভাই বিদ্যালয়ে গিয়া বন্ধুগো লগে গল্প করে।,আমার ছুটো ভাউ ইস্কুল গিয়া বন্ধুরার লগে গফ করে।,Context
আমার বন্ধু বিদ্যালয়ের মাঠে প্রতিদিন ক্রিকেট খেলে,আমার বন্ধু বিদ্যালয়ের মাঠো ফতিদিন ক্রিকেট খেলইন,আমার বন্ধু বিদ্যালয়র মাঠত প্রতিদিন ক্রিকেট খেলে।,আমার বন্ধু বিদ্যালয়র মাঠে প্রতিদিন ক্রিকেট খেইলে,আমার বন্ধু বিদ্যালয়ের মাঠে প্রতিদিন ক্রিকেট খেলে।,আমার বন্ধু ইস্কুলর মাঠো ফত্তেকদিন ক্রিকেট খেলায়।,Context
একটি ছোট শিশু ফুটপাতে লাফাচ্ছে,একটা ছোট বাইচ্চা ফুটপাতে লাফাইরা,একটা ছোট শিশু ফুটপাতত লাফাইতাছে।,এখটা খুদা শিশু ফুটপাতে লাফাইতাছে,একটা ছোট বাচ্চা ফুটপাতে লাফাইতেছে।,এখটা ছুটো বাইচ্চা ফুটপাতত লাফাইরা।,Context
আমার বান্ধুবি তার স্বামীকে খুব ভালবাসে,আমার বান্ধবী তার স্বামীরে খুব ভালা ফায়,আমার বান্ধুবি তার শামীকে খুব ভালবাসে।,আমার বান্ধবী তাঁর শাওরে বড় ভালবাসে,আমার বান্ধুবি তার স্বামীরে খুব ভালবাসে।,আমার বান্ধবি তার জামাইরে বাক্কা ভালা পায়।,Context
আমার স্ত্রী আমাকে ভালোবাসে না,আমার স্ত্রী আমারে ভালা ফায় না,আমার বউ আমারে ভালবাসে না।,আমার বউ আমারে ভালবাসে না,আমার বউ আমারে ভালবাসে না।,আমার বউ মোরে ভালা পায় না।,Context
স্কুল জীবন থেকে আমার ভাইয়ের সাথে তোমার বোনের প্রেম ছিলো,স্কুল জীবন থাকি আমার ভাইয়র লগে তোমার বোইনর প্রেম আছিল,স্কুল জীবন থাইক্কা আমার ভাইর লগে তোঁয়ার বইনর প্রেম আছিল।,ইশকুল জীবন থাইক্কা আমার ভাইয়র লগে তোমার বইনর প্রেম আছিল,স্কুল জীবন থেকে আমার ভাইয়ের লগে তোমার বইনের প্রেম আছিল।,ইস্কুল জীবন থাকি আমার ভাউর লগে তুমার বইনর পিরিত আছিল।,Context
আমার গতকাল প্রচণ্ড মাথা ব্যথা করছিলো,আমার গতকাইল প্রচন্ড মাথা বেদনা করছিলো,আমার কাইল প্রচণ্ড মাথা ব্যথা করছিল।,আমার গতকাইল বড় মাথা ব্যথা খরতাছিল,আমার গতকাইল প্রচণ্ড মাথা ব্যথা করছিল।,আমার গতকাইল বাক্কা মাথাত বেদনা করছিল।,Context
আমি তোমার কোন কথা কিছুই বুঝতে পারলাম না,মুই তোমার কোন মাত কিচ্ছুই বুঝতে ফারলাম না,আমি তোঁয়ার কুন কথা কিছুই বুঝতে পারলাম না।,আমি তোমার কুন কথা কুনতাই বুঝত ফারলাম না,আমি তোমার কোন কথা কিছুই বুঝতে পারলাম না।,মুই তুমার কুনো কথা কুনতা বুঝতাম পারলাম না।,Context
তোমার হাশির কাছে আমার সব কিছু হার মেনে যায়,তোমার হাশির কাছে আমার হকল কিছু হার মানিয়া যায়,তোঁয়ার হাসির কাছে আমার সবকিছু হার মাইনা যায়।,তোমার হাঁশির কাছে আমার সব কুনতা হার মাইনা যায়,তোমার হাসির কাছে আমার সব কিছু হার মানি যায়।,তুমার হাসির কান্দাত আমার হখল কুনতা হার মানি যায়।,Context
তোমার চোখ দুটো অনেক সুন্দর,তোমার চোউক দুইটা অনেক সুন্দর,তোঁয়ার চোখ দুইটা অনেক সুন্দর।,তোমার চোখ দুইটা বড় শুন্দর,তোমার চোখ দুইটা অনেক সুন্দর।,তুমার চউক দুইটা বাক্কা সুন্দর।,Context
তোমার সাথে অনেক দিন পর দেখা,তোমার লগে অনেক দিন পর দেখা,তোঁয়ার লগে অনেক দিন ফরে দেখা।,তোমার লগে বড় দিন ফর দেখা,তোমার লগে অনেক দিন পর দেখা।,তুমার লগে বাক্কা দিন বাদে দেখা।,Context
ছেলেটি বিদেশে গিয়ে পড়ালেখা করার স্বপ্ন দেখে,ফুয়াটা বিদোশো গিয়া ফড়ালেখা করার স্বপ্ন দেখে,ফোয়াটি বিদেশত গিয়া পড়ালেখা করার স্বপ্ন দেখে।,ফুয়াটায় বিদেশে গিয়া পড়ালেখা খরার শপন দেখে,ফুয়াডা বিদেশে গিয়া পড়ালেখা করার স্বপ্ন দেখে।,ফুয়াটায় বিদেশ গিয়া পড়ালেখা খরার সফনো দেখে।,Context
তোমার সাথে কথা বলে আমার অনেক ভালো লাগলো,তোমার লগে মাতিয়া আমার অনেক ভালা লাগছে,তোঁয়ার লগে কথা কইয়া আমার অনেক ভালা লাগল।,তোমার লগে কথা কইয়া আমার বড় ভালা লাগল,তোমার লগে কথা কইয়া আমার অনেক ভালা লাগল।,তুমার লগে মাত মারিয়া আমার বাক্কা ভালা লাগলো।,Context
তোমার বন্ধুর সাথে পরিচিত হয়ে ভালো লাগলো,তোমার বন্ধুর লগে পরিচত হইয়া ভালা লাগলো,তোঁয়ার বন্ধুর লগে পরিচিত হইয়া ভালা লাগল।,তোমার বন্ধুর লগে পরিচিত অইয়া ভালা লাগল,তোমার বন্ধুর লগে পরিচিত হইয়া ভালা লাগল।,তুমার বন্ধুর লগে পরিচিত অইয়া ভালা লাগলো।,Context
আমার আব্বু আর চাচার মধ্যে জায়গা জমি নিয়ে ঝগড়া হয়,আমার আব্বু আর চাচার মধ্যে জায়গা জমি নিয়া মাইর অয়,আমার আব্বু আর চাচার মাঝত জায়গা জমি লইয়া ঝগড়া হয়।,আমার আব্বা আর চাচার মাঝে জায়গা জমি নিয়া ঝগড়া অয়,আমার আব্বু আর চাচার মইধ্যে জায়গা জমি নিয়া ঝগড়া হয়।,আমার আব্বা আর চাচার মাঝে জাগা জমিন লইয়া মাইর অয়।,Context
লোকটি কিছু দিন আগে বিয়ে করেন,লোকটা কিছুদিন আগে বিয়া করছইন,লোকটা কিছু দিন আগে বিয়া কইরছে।,লোকটা কুনতা দিন আগে বিয়া খরে,মানুষটা কিছু দিন আগে বিয়া কইছে।,বেটাটায় কুনতা দিন আগে বিয়া খরছে।,Context
প্রথমে তোমাকে একটি বইয়ের দোকানে যেতে হবে,প্রথমে তোমাকে একটা বইয়ের দোখানো যাইতে হইবো,প্রথমত তোঁয়ারে একটা বইয়ের দোকানত যাইতে হইব।,প্রথমে তোমারে এখটা বইয়র দোকানে যাইত অইব,প্রথমে তোমারে একটা বইয়ের দোকানে যাইতে হইব।,পয়লা তুমারে এখটা বইয়ের দুকানো যাওয়া লাগবো।,Context
বেশি কিছু বলার আগেই আবেগে চোখে পানি চলে আসছে,বেশি কিছু বলার আগেই আবেগে চোউক এর ফানি চলে আইতেছে,বেশি কিছু কওয়ার আগেই আবেগত চোখত পানি চইলা আইতাছে।,বেশি কুনতা কওয়ার আগেই আবেগে চোখে পানি চইলা আইতাছে,বেশি কিছু কওয়ার আগেই আবেগে চোখে পানি চইলা আইতেছে।,বেশি কুনতা কওয়ার আগেই আবেগে চকুত পানি আইরা।,Context
আপনার বন্ধুদের গালি দেওয়ার সুযোগ করে দিন,আফনার বন্ধুদের গালি দেওয়ার সুযোগ কইরা দিন,আফনার বন্ধুগো গালি দেওয়ার সুযোগ কইরা দেন।,আফনার বন্ধুগো গালি দেওয়ার সুযোগ খইরা দেন,আপনার বন্ধুগো গালি দেওয়ার সুযোগ কইরা দেন।,আফনার বন্ধুরারে গালি দিয়ার সুযোগ খরি দেউকা।,Context
অনেক মানুষ এখনো পেছনে লাইনে দাঁড়িয়ে আছে,অনেক মানুষ এখোনো পেছনো লাইনো দাঁড়িয়া আছইন,অনেক মানুষ এহনো পিছনে লাইনত দাঁড়াইয়া আছে।,বড় মানুষ এহনো পিছনে লাইনে দাঁড়াইয়া আছে,অনেক মানুষ এহনো পিছনে লাইনে দাঁড়িয়া আছে।,বাক্কা মানুষ এখনো পিছনে লাইনো উবানিত আছে।,Context
একজন মহিলা মারা গেছেন,একজন বেডি মারা গেছইন,একজন মহিলা মইরা গেছে।,এখজন মাইয়া মইরা গেইছে,একজন মাইয়া মানুষ মইরা গেছে।,এখজন বেটি মরি গেছইন।,Context
আপনি এত গরীব আগে কেন বলেননি,আফনি এত গরীব আগে কেনে কইলা না,আফনে এতো গরীব আগে ক্যান কন নাই?,আফনে এত গরীব আগে কেন কন নাই?,আপনে এত গরীব আগে ক্যান কন নাই?,আফনে এত্তো গরীব আগে কিয়েন কইছইন না নি?,Context
তুমি ছাড়া এই পৃথিবীতে আমার আর কেউ নেই,তুমি ছাড়া এই পৃথিবীতে আমার আর কেউ নাই,তুঁই ছাড়া এই দুনিয়াত আমার আর কেউ নাই।,তুমি ছাড়া এই পৃথিবীতে আমার আর কেউ নায়,তুই ছাড়া এই দুনিয়াতে আমার আর কেউ নাই।,তুমি ছাড়া এই দুনিয়াত আমার আর খেউ নাই।,Context
আমি আগেই বলেছি তোমাকে নিয়ে বিদেশ ঘুরতে চাই,মুই আগেই কইছলাম তোমারে নিয়া বিদেশ ফাকাইতে চাই,আমি আগেই কইছি তোঁয়ারে লইয়া বিদেশ ঘুরতে চাই।,আমি আগেই কইছি তোমারে নিয়া বিদেশ ঘুইরত চাই,আমি আগেই কইছি তোমারে নিয়া বিদেশ ঘুইরতে চাই।,মুই আগেই কইছি তুমারে লইয়া বিদেশ পাখানিত চাই।,Context
আমার আম্মু আমাকে সবার সামনে মারতে মারতে বাসায় নিয়ে আসে,আমার আম্মা আমাকে হকলের সামনে মারতে মারতে বাসাত নিয়া আইছে,আমার আম্মু আমারে সবার সামনে মাইরা মাইরা বাসাত লইয়া আইছে।,আমার আম্মু আমারে সবার সামনে মাইরত মাইরত বাসায় নিয়া আইছে,আমার আম্মু আমারে সবার সামনে মাইরা মাইরা বাসায় নিয়া আইছে।,আমার আম্মায় মোরে সবর সামনে মারতে মারতে বাসাত লইয়া আয়।,Context
আপনি কি জানেন এখানে অনেক ছেলে কমেন্ট পড়তে আসবে,আফনি কিতা জানেন এখানে অনেক ফুয়াইন কমেন্ট ফরাত আইবা,আফনে কি জানেন এহানে অনেক ফোয়া কমেন্ট পড়তে আইব?,আফনে কিতা জানেন এহানে বড় ফুয়া কমেন্ট পড়ত আইব?,আপনে কি জানেন এহানে অনেক ফুয়া কমেন্ট পড়তে আইব?,আফনে কিতা চিনইন এখানো বাক্কা ফুয়া কমেন্ট পড়াত আইবো নি?,Context
আবেগের ভালোবাসা কাউকে দেওয়া উচিত না,আবেগর ভালোবাসা কাউকে দেওয়া উচিৎ না,আবেগর ভালবাসা কারুকে দেওয়া উচিত না।,আবেগর ভালবাসা কারে দেওয়া উচিত না,আবেগের ভালবাসা কারোরে দেওয়া উচিত না।,আবেগর ভালা পাওয়া খেউরে দিয়া উচিত না।,Context
একদিন বিবেকের কাছে আবেগের ভালোবাসা হেরে যাবে,একদিন বিবেকের কাছে আবেগর ভালোবাসা হারিয়া যাইবো,একদিন বিবেকর কাছে আবেগর ভালবাসা হাইরা যাইব।,এখদিন বিবেকর কাছে আবেগর ভালবাসা হাইরা যাইব,একদিন বিবেকের কাছে আবেগের ভালবাসা হাইরা যাইব।,এখদিন বিবেকর কান্দাত আবেগর ভালা পাওয়া হারি যাইবো।,Context
আমার মনের ভালোবাসা চিরদিন তোমার জন্য থেকে যাবে,আমার মনের ভালোবাসা চিরদিন তোমার লাগি থাইকা যাইবো,আমার মনর ভালবাসা চিরদিন তোঁয়ার লাই থাইক্কা যাইব।,আমার মনর ভালবাসা চিরদিন তোমার লাই থাইক্কা যাইব,আমার মনের ভালবাসা চিরদিন তোমার লাই থাকি যাইব।,আমার মনর ভালা পাওয়া চিরদিন তুমার লাগি থাকি যাইবো।,Context
জীবনে একা একা পথ চলা অনেক কঠিন,জীবনে একলা একলা ফথ চলা অনেক কঠিন,জীবনত একা একা পথ চলা অনেক কঠিন।,জীবনে একা একা পথ চলা বড় কঠিন,জীবনে একা একা পথ চলা অনেক কঠিন।,জীবনো একলা একলা পত চলা বাক্কা কঠিন।,Context
আমার জীবন আমি তোমাকে নিয়ে বাঁচার জন্য দিব,আমার জীবন মুই তোমারে নিয়া বাঁচার লাগি দিমু,আমার জীবন আমি তোঁয়ারে লইয়া বাঁচার লাই দিম।,আমার জীবন আমি তোমারে নিয়া বাঁচার লাই দিম,আমার জীবন আমি তোমারে নিয়া বাঁচার লাই দিম।,আমার জীবন মুই তুমারে লইয়া বাঁচার লাগি দিতাম।,Context
আমার ভালবাসা দিয়ে সারাজীবন তোমার পাশে থাকতে চাই,আমার ভালুবাসা দিয়া হারাজীবন তোমার লগে থাকতে চাই,আমার ভালবাসা দিয়া সারাজীবন তোঁয়ার পাশে থাকতে চাই।,আমার ভালবাসা দিয়া সারাজীবন তোমার পাশে থাকত চাই,আমার ভালবাসা দিয়া সারাজীবন তোমার পাশে থাকতে চাই।,আমার ভালা পাওয়া দিয়া সারাজীবন তুমার পাশে থাকতাম চাই।,Context
তোমাকে কি করে বুঝাবো তোমাকে কতটা ভালবাসি?,তোমাকে কি করে বুঝাইমু তোমারে কতটা ভালো ফাই?,তোঁয়ারে কিলা কইরা বুঝামু তোঁয়ারে কত ভালবাসি?,তোমারে কিতা খইরা বুঝামু তোমারে কতটুক ভালবাসি?,তোমারে কি কইরা বুঝামু তোমারে কতটা ভালবাসি?,তুমারে কিলা বুঝাইতাম তুমারে কিত্তা ভালা পাই নি?,Context
আপনাকে দেখে আমি দেখে থমকে দারিয়ে ছিলাম,আফনারে দেইখ্খা মুই দেইখ্খা থমকে উবানিত আছলাম,আফনারে দেখি আমি দেখি থমকি দাঁড়াইয়া আছিলাম।,আফনারে দেখিয়া আমি দেখিয়া থমকিয়া দাঁড়াইয়া আছিলাম,আপনারে দেখিয়া আমি দেখিয়া থমকিয়া দাঁড়িয়া আছিলাম।,আফনারে দেকিয়া মুই দেকিয়া ভেমটালা লাগিয়া উবাই রইছলাম।,Context
আপনি খুব কষ্টে নিজেকে সামলে নিয়েছেন,আফনি খুব কষ্টে নিজরে সামলে নিয়াছইন,আফনে খুব কষ্টত নিজরে সামলাই নিছেন।,আফনে বড় কষ্টে নিজরে শামলাই নিছেন,আপনে খুব কষ্টে নিজেরে সামলাইছেন।,আফনে বাক্কা খষ্টে নিজোরে সামলাইয়া নিছইন।,Context
আমার বান্ধুবি কিছু ভাবতে পারেনা আপনাকে ছাড়া,আমার বান্ধবী কিচ্ছু ভাবতে ফারে না আফনাকে ছাড়া,আমার বান্ধুবি কিছু ভাবতে পারে না আফনারে ছাড়া।,আমার বান্ধবী কুনতা ভাবত ফারে না আফনারে ছাড়া,আমার বান্ধুবি কিছু ভাবতে পারে না আপনারে ছাড়া।,আমার বান্ধবি কুনতা ভাবতা পারে না আফনারে ছাড়া।,Context
আমার বন্ধু কিছু লিখতে পারেনা আপনার নাম ছাড়া,আমার বন্ধু কিচ্ছু লিখতে ফারে না আফনার নাম ছাড়া,আমার বন্ধু কিছু লিখতে পারে না আফনার নাম ছাড়া।,আমার বন্ধু কুনতা লিখত ফারে না আফনার নাম ছাড়া,আমার বন্ধু কিছু লিখতে পারে না আপনার নাম ছাড়া।,আমার বন্ধু কুনতা লেখতা পারে না আফনার নাম ছাড়া।,Context
আপনাকে ভালোবাসি এই কথাটি বলা বাকি,আফনারে ভালাফাই এই কথাটি বলার বাকি,আফনারে ভালবাসি এই কথাটি কওয়া বাকি।,আফনারে ভালবাসি এই কথাটা কওয়া বাকি,আপনারে ভালবাসি এই কথাডা কওয়া বাকি।,আফনারে ভালা পাই অউ কথাটা কওয়া বাকি।,Context
আমার আব্বুর খুব গরম লাগছে,আমার বাফর খুব গরম লাগছে,আমার আব্বুর খুব গরম লাগতাছে।,আমার আব্বুর বড় গরম লাগতাছে,আমার আব্বুর খুব গরম লাগতেছে।,আমার আব্বার বাক্কা গরমো লাগের।,Context
আমার ছোট বোনের গরম লাগছে,আমার ছোট বোইনর গরম লাগছে,আমার ছোট বইনর গরম লাগতাছে।,আমার খুদা বইনর গরম লাগতাছে,আমার ছোট বইনের গরম লাগতেছে।,আমার ছুটো বইনর গরমো লাগের।,Context
এই শিশুটির অনেক ঠাণ্ডা লাগছে,এই শিশুটার অনেক ঠান্ডা লাগসে,এই শিশুটার অনেক ঠাণ্ডা লাগতাছে।,এই শিশুটার বড় ঠাণ্ডা লাগতাছে,এই বাচ্চাডার অনেক ঠাণ্ডা লাগতেছে।,অউ বাইচ্চাটার বাক্কা ঠান্ডা লাগের।,Context
আমার বন্ধুর খুব মন খারাপ,আমার বন্ধুর খুব বিতর খারাফ,আমার বন্ধুর খুব মন খারাপ।,আমার বন্ধুর বড় মন খারাপ,আমার বন্ধুর খুব মন খারাপ।,আমার বন্ধুর বাক্কা মন খারাফ।,Context
আম্মু আমার জন্য নীল শাড়ি কিনে এনেছে,মাই আমার লাগি নীল শাড়ি কেনিয়া আনছইন,আম্মু আমার লাই নীল শাড়ি কিনি আনছে।,আম্মু আমার লাই নীল শাড়ি কিনিয়া আনছে,আম্মু আমার লাই নীল শাড়ি কিনিয়া আনছে।,আম্মায় মোর লাগি নীল শাড়ি কিনিয়া আনছইন।,Context
আমি আমার বন্ধুকে একটি লাল গোলাপ কিনে উপহার দিয়েছি,মুই আমার বন্ধুকে একটা লাল গোলাফ কিনিয়া উপহার দিয়াছি,আমি আমার বন্ধুরে একটা লাল গোলাপ কিনি উপহার দিছি।,আমি আমার বন্ধুরে এখটা লাল গোলাপ কিনিয়া উপহার দিছি,আমি আমার বন্ধুরে একটা লাল গোলাপ কিনিয়া উপহার দিছি।,মুই আমার বন্ধুরে এখটা লাল গোলাপ কিনিয়া উপহার দিছি।,Context
আমি আমার স্বামীর সাথে বিকালে পার্কে ঘুরতে যাব,মুই আমার স্বামীর লগে বিয়ানে পার্কে ফাকানিত যাইমু,আমি আমার শামীর লগে বিকালত পার্কত ঘুরতে যাম।,আমি আমার শাওর লগে বিকালে পার্কে ঘুইরত যাম,আমি আমার স্বামীর লগে বিকালে পার্কে ঘুইরতে যাম।,মুই আমার জামাইর লগে বিকালত পার্কো পাখানিত যাইবো।,Context
কাউকে ভালোবাসা দেওয়াতেই বেশি আনন্দ লাগে আমার,কাউকে ভালোবাসা দেওয়াতেই বেশি কুশি লাগে আমার,কারুকে ভালবাসা দেওয়াতেই বেশি আনন্দ লাগে আমার।,কারে ভালবাসা দেওয়াতেই বেশি আনন্দ লাগে আমার,কারোরে ভালবাসা দেওয়াতেই বেশি আনন্দ লাগে আমার।,খেউরে ভালা পাওয়া দিয়াতেই বেশি মজা লাগে আমার।,Context
"যদি তুমি আমার কাছে ফিরে আস ,তবে তাকে ছেড়ে দাও","যদি তুমি আমার কাছে ফিরে আসো, তবে তাকে ছেড়ে দাও","যদি তুঁই আমার কাছে ফিরা আই, তাইলে তারে ছাইড়া দে।","যদি তুমি আমার কাছে ফিরা আইস, তই তারে ছাইড়া দে","যদি তুই আমার কাছে ফিরা আইস, তইলে তারে ছাইড়া দে।","যদি তুমি মোর কান্দাত ফিরি আও, তাইলে তারে ছাড়ি দেউকা।",Context
সে তোমার জন্য সব কিছু করতে পারে,সে তোমার লাগি সব কিছু করতে ফারে,সে তোঁয়ার লাই সবকিছু করতে পারে।,সে তোমার লাই সব কুনতা খরত ফারে,সে তোমার লাই সব কিছু করতে পারে।,হে তুমার লাগি হখল কুনতা খরতা পারে।,Context
আপনি যে মানুষটিকে ভালবাসবেন তাকে যদি না বুঝতে পারেন তাহলে আপনার এই প্রেমের কোনো অর্থ নেই,আফনি যে মানুষটাকে ভালাফাইবেন তাকে যদি না বুঝবার ফারইন তাহলে আফনার এই প্রেমের কোনো অর্থ নাই,আফনে যে মানুষটারে ভালবাসবেন তারে যদি না বুঝতে পারেন তাইলে আফনার এই প্রেমর কুনো অর্থ নাই।,আফনে যে মানুষটারে ভালবাসবেন তারে যদি না বুঝত ফারেন তই আফনার এই প্রেমর কুনো অর্থ নায়,"আপনে যে মানুষটারে ভালবাসবেন, তারে যদি না বুঝতে পারেন তাইলে আপনার এই প্রেমের কোনো অর্থ নাই।",আফনে যে মানুষরে ভালা পাইবা তারে যদি না বুঝতা পারইন তাইলে আফনার অউ পিরিতর কুনো মানে নাই।,Context
আপনি নিজে অসুখী হয়ে কিভাবে অন্যকে ভালোবেসে সুখী করবেন,আফনি নিজে অসুখী হয়ে কিলা অন্যকে ভালোবাসিয়া সুখী করবা,আফনে নিজে অসুখী হইয়া কিলা আরেকজনরে ভালবাইসা সুখী করবেন?,আফনে নিজে অসুখী অইয়া কিতা খইরা আরেকজনরে ভালবাসিয়া সুখী খরবেন?,আপনে নিজে অসুখী হইয়া কেমনে অন্যরে ভালবাইসা সুখী করবেন?,আফনে নিজে বেজার অইয়া কিলা আরেকরে ভালা পাইয়া খুশি খরবা নি?,Context
তুমি কারো জীবনে সুখ এনে দেবে এই ভেবে তোমার প্রেম করা উচিত,তুমি কারো জীবনে সুখ এনে দিবা এই ভেবে তোমার প্রেম করা উচিৎ,তুঁই কারো জীবনত সুখ আনি দিবি এই ভাইবা তোঁয়ার প্রেম করা উচিত।,তুমি কার জীবনে সুখ আনিয়া দিবা এই ভাইবা তোমার প্রেম খরা উচিত,তুই কারো জীবনে সুখ আনি দিবি এই ভাইবা তোমার প্রেম করা উচিত।,তুমি কারো জীবনো সুখ আনি দিবা অউ ভাবিয়া তুমার পিরিত খরা উচিত।,Context
আপনার মনের কথা গুলো আমাকে আজ খুলে বলুন,আফনার মনের মাত গুলা আমকে আজ খুলিয়া বলুন,আফনার মনর কথা গুলা আমারে আইজ খুইলা কন।,আফনার মনর কথা গুলা আমারে আইজ খুইলা কন,আপনার মনের কথাগুলা আমারে আইজ খুইলা কন।,আফনার মনর কথা গুইন মোরে আইজ খুলিয়া কইন।,Context
তুমি কখনই পারবে না অন্য কারও ভালোবাসাকে ছিনিয়ে নিতে,তুমি কখনোই ফারবা না অন্য কারও ভালুবাসাকে ছিনিয়া নিতে,তুঁই কখনো পারবি না আরেকজনর ভালবাসারে ছিনাইয়া নিতে।,তুমি কখনই ফারবা না আরেকজনর ভালবাসারে ছিনাইয়া নিতে,তুই কখনই পারবি না অন্য কারো ভালবাসারে ছিনাইয়া নিতে।,তুমি কুনোসময় পারবে না আরেকর ভালা পাওয়ারে ছিনাইয়া লইতো।,Context
তুমি জোর করে অন্যের ভালো লাগার মানুষ হতে পারবে না,তুমি জোর করে অন্যের ভালো লাগার হিতে ফারবা না,তুঁই জোর কইরা আরেকজনর ভালা লাগার মানুষ হইতে পারবি না।,তুমি জোর খইরা আরেকজনর ভালা লাগার মানুষ অইত ফারবা না,তুই জোর কইরা অন্যের ভালা লাগার মানুষ হইতে পারবি না।,তুমি জোর খরিয়া আরেকর ভালা লাগার মানুষ অইতা পারবে না।,Context
আগামিকাল সকালবেলা তাদেরকে দেখতে পাবেন,আগামীকাল সকালবেলা তাদেরকে দেখতে ফারবা,আগামিকাল সকালবেলা তাগো দেখতে পাইবেন।,আগামিকাইল শকালে তাগোরে দেখত ফারবেন,আগামিকাইল সকালবেলা তাগোরে দেখতে পাইবেন।,আগামিকাইল বিয়ানে তারারে দেখতা পাইবা।,Context
তোমার কোন কথাতেই কোনও নিশ্চয়তা নেই,তোমার কোনো মাতই কোনোও হদিস নাই,তোঁয়ার কুন কথাতেই কুনো নিশ্চয়তা নাই।,তোমার কুন কথাতেই কুনো নিশ্চয়তা নায়,তোমার কোন কথাতেই কোনো নিশ্চয়তা নাই।,তুমার কুনো কথাত কুনো নিশ্চয়তা নাই।,Context