bangla_speech,sylhet_bangla_speech,zero,context,zero,few,cot,
তোমার আব্বু কেমন আছে?,তোমার আব্বা বালা আছইন নি?,তোর আব্বা কেমন আছেগো?,তুমার আব্বা কিলা আসইন নি?,তোর আব্বা কেমন আছেগো?,তোর আব্বু কেমনে আছেগা?,তোয়ার আব্বা কিতা আছ?,
আমার বড় বোনের আজকে মন ভালো নেই,আমার বড় বইনর আইজ মন ভালা নায়,আমার বড়া আপার আজকা মন ভালে নাই,আমার বড় বইনের আইজকু মন ভালা নায়,আমার বড়া আপার আজকা মন ভালে নাই,আমার বড় আপার আইজকু মন ভালা নায়,আমার বরা আপার আজগা মন ভাল নাই,
তুমি কি আমাকে এই কাজটি করে দিতে পারবে?,তুমি কিতা মোরে এই কাজটা করাই দিতা পারবা নি?,তুই কি আমারে এই কামডা কইরা দিতে পারবি?,তুমি কিতা আমারে অউ কামটা খরিয়া দিবার ফারবা নি?,তুই কি আমারে এই কামডা কইরা দিতে পারবি?,তুমি কিতা মোরে অউ কামডা করিয়া দিতপারবা?,তুয়া মইক এই কামডা কইরা দিতে পারবি?,
এই গরমে বাহিরে বের হতে ইচ্ছা করে না,এই গরমো বাইরে বাইর অইতে জানে কয় না,এই গরমে বারি থেইকা বার হইতে ইচ্ছা করে না,অউ গরমো বারি ফরাইতে ইচ্ছা খরের নায়,এই গরমে বারি থেইকা বার হইতে ইচ্ছা করে না,অউ গরমো বাহিরে বের অইত ইচ্ছা করের না,এই গরমে বাহিরে যাওনর ইচ্ছা করে না,
তোমার সব কথাই ভুল,তোমার সব মাত ভুল,তোর সব কথা ভুল,তুমার হখল মাতই ভুল,তোর সব কথা ভুল,তোর সব কথা গুলানই ভুল,তোয়ার সব কথাই ভুল,
তোমার মত খারাপ ছেলে আমি আর একটাও দেখিনি,তোমার মত খারাফ পুয়া মুই আর একটাও দেখছি না,তোর মতন খারাপ পোলা আমি আরেকডা দেখিনে,তুমার লাখান খারাপ ফুয়া মুই আর এখটাউ দেখছি নি,তোর মতন খারাপ পোলা আমি আরেকডা দেখিনে,তোর লগে খারাপ ফুয়া আںই আর এখটা-ও দেখিনাই,তোয়ার মতো খারাপ ফুয়া মই আর একটা ও দেহনাই,
বিয়ের জন্য আম্মা আমার জন্য ছেলে খুজতাসে,বিয়ার লাগি মাই মুর লাগি ফুয়া খুজিরা,বিয়ার লাগি আমার আম্মা আমার লাগি পোলা খুঁজতাছে,বিয়ার লাগি আম্মায় আমার লাগি ফুয়া খুজতাসে,বিয়ার লাগি আমার আম্মা আমার লাগি পোলা খুঁজতাছে,বিয়াত্তর লাগি মায় আমার লাগি ফুয়া খুজতাছে,বিয়্যার লাগি আম্মা আমার লাগি ফুয়া খুঁজতাসে,
আব্বা আমাকে গতকাল একটা ছেলের সাথে দেখা করতে বলেছিল,আব্বা মোরে গতকাল এক ফুয়ার লগে দেখা করতে কইছলা,আব্বা আমারে গতকাল একডা পোলার লগে দেখা করবার কইছিল,আব্বা আমারে গতকাইল এখটা ফুয়ার লগে দেখা করাত কইছলা,আব্বা আমারে গতকাল একডা পোলার লগে দেখা করবার কইছিল,আব্বা মোরে গদিন এখটা ফুয়ার লগে দেখা করাত কৈছিল,আব্বা মইক কালক এক ফুয়ার লগে দেখা করনর কইছিল,
ছেলেটিকে আমার একদমই ভালো লাগেনি,ফুয়াটারে মোর একদমই ভালা লাগে নাই,পোলাডারে আমার একডমই ভালে লাগনি,ফুয়াটারে আমার এখদমেউ ভালা লাগছে নায়,পোলাডারে আমার একডমই ভালে লাগনি,ফুয়াটে আমার একডমই ভালা লাগিনাই,ফুয়ারে আমার একডমও ভাল লাগনাই,
মেয়েটি গোলাপি রঙের শাড়ি পরে এসেছিল,ফুরিটা গোলাপি রঙের শাড়ি পরিয়া আইছিল,মেয়াডা গোলাপি রঙের শাড়ি পইরা আসছিল,ফুড়িটায় গোলাপি রংগর শাড়ি পিন্দিয়া আইছিল,মেয়াডা গোলাপি রঙের শাড়ি পইরা আসছিল,ফুড়িটায় গোলাপি রংগর শাড়ি পিন্দিয়া আইছিল,মাইয়ার ফুলাই রঙর শাড়ি পরা আইছিল,
আমার দুইদিন পরে বিয়ে হবে,আমার দুইদিন ফরে বিয়া অইবো,আমার দুইদিন পর বিয়া হইব,আমার দুইদিন বাদে বিয়া অইবো,আমার দুইদিন পর বিয়া হইব,আমার দুইদিন পরে বিয়া অইব,আমার দুইদিন পরে বিয়া অইবো,
ছেলেটি এখন আর বিকালে খেলতে বের হয় না,ফুয়াটা এখন আর বিকালে খেলাত বারয় না,পোলাডা এখন আর বিকালে খেলতে বার হয় না,ফুয়াটায় এখন আর বিকালে খেলাত ফরাই নায়,পোলাডা এখন আর বিকালে খেলতে বার হয় না,ফুয়াটায় এখন আর বিকালে খেলত বের অয় নায়,ফুয়া এহন আর বিকালে খেলনর বাহির অয় না,
মেয়েটি সকালে ঘুম থেকে উঠেই পরতে বসে,ফুরিটা সকালে ঘুম থাকি উঠেই ফরাত বয়,মেয়াডা সকালে ঘুম থেইকা উঠলেই পড়তে বসে,ফুড়িটায় সকালে গুম থাকি উটেই পড়তে বইয়ে,মেয়াডা সকালে ঘুম থেইকা উঠলেই পড়তে বসে,ফুড়িটায় সাকালে ঘুম তেকা উঠেই পইরত বসে,মাইয়া সাকালে ঘুম থেইকা উঠা লগেই পরা বসে,
আমার চাচা বিদেশ থেকে গতকাল বাংলাদেশে এসেছে,আমার চাচা বিদেশ থাকি গতকাল বাংলাদেশে আইছে,আমার চাচা বিদেশ থেইকা গতকাল বাংলাদেশে আইছে,আমার চাচা বিদেশ থাকি গতকাইল বাংলাদেশো আইছে,আমার চাচা বিদেশ থেইকা গতকাল বাংলাদেশে আইছে,আমার চাচা বিদেশ তেকা গদিন বাংলাদেশে আইছে,আমার চাচা বিদেশ থেইকা কালক বাংলাদেশত আইছে,
আমার বাসার দারওয়ান অনেক ভালো মানুষ,আমার বাসার দারওয়ান অনেক ভালা মানুষ,আমার বাসার দারোয়ান অনেক ভালে মানুষ,আমার বাসার দারোয়ান বাক্কা ভালা মানুষ,আমার বাসার দারোয়ান অনেক ভালে মানুষ,আমার বাসার দারোয়ান অনেক ভালা মানুষ,আমার বাসার দারওয়ান বহুত ভাল মানুষ,
আমার বন্ধু খুলনা ঘুরতে গিয়েছে,আমার বন্ধু খুলনা বেরানিত গেছইন,আমার বান্ধবী খুলনা ঘুরতে গইছে,আমার বন্দু খুলনা গুরাত গেছে,আমার বান্ধবী খুলনা ঘুরতে গইছে,আমার বন্ধু খুলনা ঘুরত গিছেগা,আমার বন্ধা খুলনা ঘুরন গেছ,
আমার ঘুরতে অনেক ভালো লাগে,আমার বেরাইতে অনেক ভালা লাগে,আমার ঘুরতে অনেক ভালে লাগে,আমার গুরাত বাক্কা ভালা লাগে,আমার ঘুরতে অনেক ভালে লাগে,আমার ঘুরত অনেক ভালা লাগের,আমার ঘুরনর বহুত ভাল লাগে,
আমি বিদেশে গিয়ে অনেক ঘুরতে চাই,মুই বিদেশে গিয়া অনেক বেরাইতে চাই,আমি বিদেশে গিয়া অনেক ঘুরতে চাই,মুই বিদেশে গিয়া বাক্কা গুরাত চাই,আমি বিদেশে গিয়া অনেক ঘুরতে চাই,আںই বিদেশে গিয়া অনেক ঘুরত চাই,মই বিদেশত গিয়া বহুত ঘুরন চাই,
তুমি আমাকে বিরক্ত করো না,তুমি মোরে বিরক্ত করবা না,তুই আমারে বিরক্ত করিস না,তুমি আমারে বিরক্ত খরো নি,তুই আমারে বিরক্ত করিস না,তুমি মোরে বিরক্ত করো নায়,তুয়া মইক বিরক্ত কইর না,
তিনি আমাকে অনেক অপমান করেছে,তাইন মোরে অনেক অপমান করছইন,উনি আমারে অনেক অপমান কইছে,তাইন আমারে বাক্কা অপমান খরছে,উনি আমারে অনেক অপমান কইছে,উনি মোরে অনেক অপমান করছে,তিনি মইক বহুত অপমান করছে,
আমার সকালে উঠে বই পরতে অনেক ভালো লাগে,মোর সকালে উঠিয়া বই পরতে অনেক ভালা লাগে,আমার সকালে উঠা বই পড়তে অনেক ভালে লাগে,আমার বিয়ানে উটি বই পড়তে বাক্কা ভালা লাগে,আমার সকালে উঠা বই পড়তে অনেক ভালে লাগে,আমার সাকালে উঠা বই পইরত অনেক ভালা লাগের,আমার সাকালে উঠা লগে বই পরতে বহুত ভাল লাগে,
আমার ছোট ভাই একদমই পড়ালেখা করতে চায় না,মোর ছোট ভাই একদমই পড়ালেখা করতে চাইন না,আমার ছোট ভাই একডমই পড়ালেখা করবার চায় না,আমার ছুটো ভাই এখদমেউ পড়ালেখা খরতে চায় নি,আমার ছোট ভাই একডমই পড়ালেখা করবার চায় না,আমার ছোট ভাই একডমই পইড়া-লেখা করত চায় নায়,আমার সোনা ভাই একডমও পড়ালেখা করন চাই না,
আমার ছোট ভাই বিদ্যালয়ে যেতে চায় না,মোর ছোট ভাই বিদ্যালয় যাইতে চায় না,আমার ছোট ভাই স্কুলে যাইবার চায় না,আমার ছুটো ভাই ইস্কুল যাইতে চায় নি,আমার ছোট ভাই স্কুলে যাইবার চায় না,আমার ছোট ভাই স্কুলে যাইত চায় নায়,আমার সোনা ভাই স্কুলত যাইত চাই না,
আমার ছোট ভাইয়ের বিদ্যালয়ে গিয়ে পড়ালেখা করতে ভাল লাগে না,মোর ছোট ভাইয়র বিদ্যালয়ে গিয়া পড়ালেখা করতে ভালা লাগে নানি,আমার ছোট ভাইর স্কুলে গিয়া পড়ালেখা করবার ভালে লাগে না,আমার ছুটো ভাইর ইস্কুল গিয়া পড়ালেখা খরতে ভালা লাগের নায়,আমার ছোট ভাইর স্কুলে গিয়া পড়ালেখা করবার ভালে লাগে না,আমার ছোট ভাইর স্কুলে গিয়া পইড়া-লেখা করত ভালা লাগের নায়,আমার সোনা ভাইর স্কুলত গিয়া পড়ালেখা করন ভাল লাগে না,
আমি একদিন বিদ্যালয়ের মাঠে মাথা ঘুরিয়ে পরে গিয়েছিলাম,মুই একদিন বিদ্যালয়ের মাঠো মাথা ঘোরাইয়া ফরি গেছিলাম,আমি একদিন স্কুলের মাঠে মাথা ঘুইরা পরা গেছিলাম,মুই এখদিন ইস্কুলর মাঠো মাথা গুরাইয়া পরি গেছিলাম,আমি একদিন স্কুলের মাঠে মাথা ঘুইরা পরা গেছিলাম,আںই একদিন স্কুলর মাঠে মাথা ঘুরাইয়া পইরা গিছিলাম,মই একদিন স্কুলর মাঠত মাথা ঘুরা পরে গইছিলাম,
আপনি কি আমাকে কোনদিনও ভালবাসবেন না ?,আফনে কিতা আমারে কোনোদিনও ভালা ফাইতা না,আপনে কি আমারে কুনদিনও ভালবাসবেন না?,আফনে কিতা আমারে কুনদিনউ ভালা ফাইবেন নি?,আপনে কি আমারে কুনদিনও ভালবাসবেন না?,আপনি কিতা মোরে কুনদিনও ভালাবাইবেন নায়?,আপনে মইক কেদিনও ভালবাসমুই না?,
আমার বন্ধু আজকে সকালে ফুটবল খেলেছে,আমার বন্ধু আইজকে সকালে ফুটবল খেলছে,আমার বন্ধু আজকা সকালে ফুটবল খেলছে,আমার বন্দু আইজকু বিয়ানে ফুটবল খেলাইছে,আমার বন্ধু আজকা সকালে ফুটবল খেলছে,আমার বন্ধু আইজকু সাকালে ফুটবল খেলছে,আমার বন্ধা আজগা সাকালে ফুটবল খেলছে,
তুমি আমার মনের কথা একদমই বুঝো না,তুমি আমার ভিতরর মাত একদমই বুঝো না,তুই আমার মনের কথা একডমই বুঝিস না,তুমি আমার মনর খতা এখদমেউ বুজো নি,তুই আমার মনের কথা একডমই বুঝিস না,তুমি আমার মনর কথা একডমই বুঝো নায়,তুঁই আমার মনের কথা একডমও বুঝোস না,
আমার আম্মু অনেক ভালো রান্না করে,আমার মাই অনেক ভালা রান্দা করইন,আমার আম্মা অনেক ভালে রান্না করে,আমার আম্মায় বাক্কা ভালা রান্না খরে,আমার আম্মা অনেক ভালে রান্না করে,আমার মায় অনেক ভালা রান্না করে,আমার আম্মু বহুত ভাল রান্না করে,
আমার বন্ধু এখন ঘুমাতে যাবে,আমার বন্ধু এখন হুতনো যাইবো,আমার বন্ধু এখন ঘুমাইতে যাইব,আমার বন্দু এখন গুমাইতে যাইবো,আমার বন্ধু এখন ঘুমাইতে যাইব,আমার বন্ধু এখন ঘুমাইত যাইব,আমার বন্ধা এহন ঘুমাইতে যামু,
আমার ছোট বোন নাচতে পারে,আমার ছোট বোইন নাচতে ফারে,আমার ছোট বোন নাচতে পারে,আমার ছুটো বইন নাচতে ফারে,আমার ছোট বোন নাচতে পারে,আমার ছোট বোন নাচত পারের,আমার সোনা বোন নাচন পারে,
আমার বন্ধু এইবার ছুটিতে রাজশাহী ঘুরতে যাবে,আমার বন্ধু এবার ছুটিতে রাজশাহী ফাকানিত যাইবো,আমার বন্ধু এইবার ছুটিতে রাজশাহী ঘুরতে যাইব,আমার বন্দু হিবার ছুটি্তে রাজশাহী গুরাত যাইবো,আমার বন্ধু এইবার ছুটিতে রাজশাহী ঘুরতে যাইব,আমার বন্ধু এবার ছুটিতে রাজশাহী ঘুরত যাইব,আমার বন্ধা এবার ছুটিত রাজশাহী ঘুরন যামু,
আমার বন্ধু যাকে ভালবাসে সে রাজশাহী থাকে,আমার বন্ধু যারে ভালা ফায় হে রাজশাহী থাকে,আমার বন্ধু যারে ভালবাসে সে রাজশাহী থাকে,আমার বন্দু জারে ভালা পায় হে রাজশাহী থাখে,আমার বন্ধু যারে ভালবাসে সে রাজশাহী থাকে,আমার বন্ধু যারে ভালাবায় সেগা রাজশাহীত থাকেগা,"আমার বন্ধা জারে ভালবাসে, ও রাজশাহীত থাকে",
মেয়েটি রাজশাহী থেকে আমার বড় ভাইয়ের সাথে দেখা করতে এসেছিল,ফুড়িটা রাজশাহী থাকি আমার বড় ভাইয়র লগে দেখা করাত আইছলা,মেয়াডা রাজশাহী থেইকা আমার বড় ভাইর লগে দেখা করবার আসছিল,ফুড়িটায় রাজশাহী থাকি আমার বড় ভাইর লগে দেখা করাত আইছিল,মেয়াডা রাজশাহী থেইকা আমার বড় ভাইর লগে দেখা করবার আসছিল,ফুড়িটায় রাজশাহী তেকা আমার বড় ভাইর লগে দেখা করাত আইছিল,মাইয়া রাজশাহী থেইকা আমার বরা ভাইর লগে দেখা করন আইছিল,
মেয়েটি এখন সিলেট যাবে,ফুড়িটা এখইন সিলট যাইবা,মেয়াডা এখন সিলট যাইব,ফুড়িটায় এখন সিলেট যাইবো,মেয়াডা এখন সিলট যাইব,ফুড়িটায় এখন সিলট যাইব,মাইয়া এহন সিলট যামু,
আমার বড় ভাই এখন তাঁর বন্ধুদের সাথে সিগারেট খায় না,আমার বড় ভাই এখইন হের বন্ধুদের লগে সিগারেট খায় না,আমার বড় ভাই এখন উনার বন্ধুদের লগে সিগারেট খায় না,আমার বড় ভাই এখন তাইর বন্ধুবান্ধবর লগে সিগারেট খায় নি,আমার বড় ভাই এখন উনার বন্ধুদের লগে সিগারেট খায় না,আমার বড় ভাই এখন তাগো বন্ধুগোর লগে সিগারেট খায় নায়,আমার বরা ভাই এহন উনার বন্ধাগো লগে সিগারেট খায় না,
আপনি কি আমাকে আগে কোনদিন দেখেছেন ?,আফনে কিতা আমারে আগে কোনোদিন দেখছিলানি,আপনে কি আমারে আগের কুনদিন দেখছেন?,আফনে কিতা আমারে এর আগে কুনদিন দেখছেন নি?,আপনে কি আমারে আগের কুনদিন দেখছেন?,আপনি কিতা মোরে আগে কুনদিন দেখছেন?,আপনে মইক আগে কেদিনও দেহছেন?,
আপনি কি আমাকে চিনতে পেরেছেন?,আফনে কিতা আমারে চিনইন নি,আপনে কি আমারে চিনবার পারছেন?,আফনে কিতা আমারে চিনতে পারছেন নি?,আপনে কি আমারে চিনবার পারছেন?,আপনি কিতা মোরে চিনত পইরছেন?,আপনে মইক চিনতে পারছেন?,
ছেলেটি আমাকে চিনতে পারল না,ফুয়াটায় আমারে চিনতে ফারলো না,পোলাডা আমারে চিনবার পারল না,ফুয়াটায় আমারে চিনতে পারি নি,পোলাডা আমারে চিনবার পারল না,ফুয়াটায় মোরে চিনত পারল নায়,ফুয়া মইক চিনতে পারল না,
মেয়েটি তোমাকে চিনতে পারল না,ফুড়িটায় তোমারে চিনতে ফারলো না,মেয়াডা তোকে চিনবার পারল না,ফুড়িটায় তুমারে চিনতে পারি নি,মেয়াডা তোকে চিনবার পারল না,ফুড়িটায় তোরে চিনত পারল নায়,মাইয়া তুঁইক চিনতে পারল না,
আমার এখন পড়ালেখা করা উচিত,আমার এখইন ফড়ালেখা করা উচিৎ,আমার এখন পড়ালেখা করবার দরকার,আমার এখন পড়ালেখা খরা উচিত,আমার এখন পড়ালেখা করবার দরকার,আমার এখন পইড়া-লেখা করন দরকার,আমার এহন পড়ালেখা করন উচিত,
অনেক রাত হয়েছে এখন আমার ছোট বোন ঘুমাতে যাবে,অনেক রাইত অইছে এখইন আমার ছোট বোইন ঘুমাইতে যাইবো,অনেক রাত হইছে এখন আমার ছোট বোন ঘুমাইতে যাইব,বাক্কা রাইত অইছে এখন আমার ছুটো বইন গুমাইতে যাইবো,অনেক রাত হইছে এখন আমার ছোট বোন ঘুমাইতে যাইব,অনেক রাত অইছে এখন আমার ছোট বোন ঘুমাইত যাইব,"বহুত রাত অইছে, এহন আমার সোনা বোন ঘুমাইতে যামু",
আমাকে পরিক্ষার আগে সব কিছু নিয়ে পড়ালেখা করতে হবে,আমাকে পরিক্ষার আগে হকল কিছু নিয়া ফড়ালেখা করত অইবো,আমারে পরিক্ষার আগে সব কিছু লইয়া পড়ালেখা করবার লাগি,আমারে পরিক্ষার আগে হখল কুনতা লইয়া পড়ালেখা খরা লাগবো,আমারে পরিক্ষার আগে সব কিছু লইয়া পড়ালেখা করবার লাগি,মোরে পরিক্ষার আগেই সবকিছু লইয়া পইড়া-লেখা করত অইব,মইক পরিক্ষার আগেই সবকিছুর লগে পড়ালেখা করন লাগবো,
আমার ছোট ভাই বিদ্যালয়ে গিয়ে বন্ধুদের সাথে গল্প করে,আমার ছোট ভাই বিদ্যালয় গিয়া বন্ধুদের লগে গল্প করইন,আমার ছোট ভাই স্কুলে গিয়া বন্ধুদের লগে গল্প করে,আমার ছুটো ভাই ইস্কুল গিয়া বন্ধুবান্ধবর লগে গফ খরে,আমার ছোট ভাই স্কুলে গিয়া বন্ধুদের লগে গল্প করে,আমার ছোট ভাই স্কুলে গিয়া বন্ধুগোর লগে গল্প করে,আমার সোনা ভাই স্কুলত গিয়া বন্ধাগো লগে গল্প করে,
আমার বন্ধু বিদ্যালয়ের মাঠে প্রতিদিন ক্রিকেট খেলে,আমার বন্ধু বিদ্যালয়ের মাঠো ফতিদিন ক্রিকেট খেলইন,আমার বন্ধু স্কুলের মাঠে প্রতিদিন ক্রিকেট খেলে,আমার বন্দু ইস্কুলর মাঠো ফত্তেকদিন ক্রিকেট খেলায়,আমার বন্ধু স্কুলের মাঠে প্রতিদিন ক্রিকেট খেলে,আমার বন্ধু স্কুলর মাঠে প্রতিদিন ক্রিকেট খেলে,আমার বন্ধা স্কুলর মাঠত রোজ ক্রিকেট খেলে,
একটি ছোট শিশু ফুটপাতে লাফাচ্ছে,একটা ছোট বাইচ্চা ফুটপাতে লাফাইরা,একডা ছোট পোলা ফুটপাততে লাফাইতাছে,এখটা ছুটো বাইচ্চা ফুটপাতো ফাল দের,একডা ছোট পোলা ফুটপাততে লাফাইতাছে,এখটা ছোট শিশু ফুটপাত্তে লাফাইতাছে,একডা সোনা ফুত ফুটপাতত লাফাইতাসে,
আমার বান্ধুবি তার স্বামীকে খুব ভালবাসে,আমার বান্ধবী তার স্বামীরে খুব ভালা ফায়,আমার বান্ধুবী তার স্বামীরে অনেক ভালবাসে,আমার বান্ধুবি তাইর জামাইরে বহুৎ ভালা পায়,আমার বান্ধুবী তার স্বামীরে অনেক ভালবাসে,আমার বান্ধুবি তাগো স্বামীক খুব ভালাবায়,আমার বান্ধুবি উনার স্বামীক বহুত ভালবাসে,
আমার স্ত্রী আমাকে ভালোবাসে না,আমার স্ত্রী আমারে ভালা ফায় না,আমার বউ আমারে ভালবাসে না,আমার বউ আমারে ভালা পায় নি,আমার বউ আমারে ভালবাসে না,আমার বউ মোরে ভালাবায় নায়,আমার স্ত্রী মইক ভালবাসে না,
স্কুল জীবন থেকে আমার ভাইয়ের সাথে তোমার বোনের প্রেম ছিলো,স্কুল জীবন থাকি আমার ভাইয়র লগে তোমার বোইনর প্রেম আছিল,স্কুল জীবন থেইকা আমার ভাইর লগে তোর আপার প্রেম আছিল,ইস্কুল জীবন থাকি আমার ভাইর লগে তুমার বইনের পিরিত আছিল,স্কুল জীবন থেইকা আমার ভাইর লগে তোর আপার প্রেম আছিল,স্কুল জীবন তেকা আমার ভাইর লগে তোর আপার প্রেম আছিল,স্কুল জীবন থেইকা আমার ভাইর লগে তোয়ার বোনর প্রেম আসিল,
আমার গতকাল প্রচণ্ড মাথা ব্যথা করছিলো,আমার গতকাইল প্রচন্ড মাথা বেদনা করছিলো,আমার গতকাল প্রচণ্ড মাথা ব্যথা করতাছিল,আমার গতকাইল বহুত মাথাত বেদনা খরত আছিল,আমার গতকাল প্রচণ্ড মাথা ব্যথা করতাছিল,আমার গদিন খুব মাথা ব্যাথা করত আছিল,আমার গতকাল প্রচণ্ড মাথা ব্যথা করছিলো,আমার কালক বহুত মাথা ব্যথা করতাসিল
আমি তোমার কোন কথা কিছুই বুঝতে পারলাম না,মুই তোমার কোন মাত কিচ্ছুই বুঝতে ফারলাম না,আমি তোর কুন কথা কিছুই বুঝবার পারলাম না,মুই তুমার কুন মাত কিচ্চু বুজতে পারি নি,আমি তোর কুন কথা কিছুই বুঝবার পারলাম না,আںই তোর কুন কথা কিছুই বুঝত পারলাম নায়,আমি তোমার কোন কথা কিছুই বুঝতে পারলাম না,মই তোয়ার কোন কথাই কিছুই বুঝন পারলম না
তোমার হাশির কাছে আমার সব কিছু হার মেনে যায়,তোমার হাশির কাছে আমার হকল কিছু হার মানিয়া যায়,তোর হাসির কাছে আমার সব কিছু হার মানে,তুমার হাসির কান্দাত আমার হখল কুনতা হার মনি যায়,তোর হাসির কাছে আমার সব কিছু হার মানে,তোর হাসির লগে আমার সবকিছু হার মাইরা যায়,তোমার হাশির কাছে আমার সব কিছু হার মেনে যায়,তোয়ার হাসির কাছে আমার সবকিছু হার মেন্নে যায়
তোমার চোখ দুটো অনেক সুন্দর,তোমার চোউক দুইটা অনেক সুন্দর,তোর দুইটা চোখ অনেক সুন্দর,তুমার দুই চউক বাক্কা সুন্দর,তোর দুইটা চোখ অনেক সুন্দর,তোর দুইচোখ অনেক সুন্দর,তোমার চোখ দুটো অনেক সুন্দর,তোয়ার চোখ দুইডা বহুত সুন্দর
তোমার সাথে অনেক দিন পর দেখা,তোমার লগে অনেক দিন পর দেখা,তোর লগে অনেক দিন পর দেখা,তুমার লগে বাক্কা দিন বাদে দেখা,তোর লগে অনেক দিন পর দেখা,তোর লগে অনেক দিন পর দেখা অইল,তোমার সাথে অনেক দিন পর দেখা,তোয়ার লগে বহুত দিন পরে দেখা
ছেলেটি বিদেশে গিয়ে পড়ালেখা করার স্বপ্ন দেখে,ফুয়াটা বিদোশো গিয়া ফড়ালেখা করার স্বপ্ন দেখে,পোলাডা বিদেশে গিয়া পড়ালেখা করবার স্বপ্ন দেখে,ফুয়াটায় বিদেশে গিয়া পড়ালেখা খরার সফন দেখে,পোলাডা বিদেশে গিয়া পড়ালেখা করবার স্বপ্ন দেখে,ফুয়াটায় বিদেশে গিয়া পইড়া-লেখা করনর স্বপ্ন দেখের,ছেলেটি বিদেশে গিয়ে পড়ালেখা করার স্বপ্ন দেখে,ফুয়া বিদেশে গিয়া পড়ালেখা করনর স্বপ্ন দেখে
তোমার সাথে কথা বলে আমার অনেক ভালো লাগলো,তোমার লগে মাতিয়া আমার অনেক ভালা লাগছে,তোর লগে কথা কইরা আমার অনেক ভালে লাগল,তুমার লগে মাত খইয়া আমার বাক্কা ভালা লাগলো,তোর লগে কথা কইরা আমার অনেক ভালে লাগল,তোর লগে কথা কৈরা আমার অনেক ভালা লাগল,তোমার সাথে কথা বলে আমার অনেক ভালো লাগলো,তোয়ার লগে কথা কইরা আমার বহুত ভাল লাগল
তোমার বন্ধুর সাথে পরিচিত হয়ে ভালো লাগলো,তোমার বন্ধুর লগে পরিচত হইয়া ভালা লাগলো,তোর বন্ধুর লগে পরিচিত হইয়া ভালে লাগল,তুমার বন্দুর লগে পরিচিত অইয়া ভালা লাগলো,তোর বন্ধুর লগে পরিচিত হইয়া ভালে লাগল,তোর বন্ধুর লগে পরিচিত অইয়া ভালা লাগল,তোমার বন্ধুর সাথে পরিচিত হয়ে ভালো লাগলো,তোয়ার বন্ধার লগে চিনা অইয়া ভাল লাগল
আমার আব্বু আর চাচার মধ্যে জায়গা জমি নিয়ে ঝগড়া হয়,আমার আব্বু আর চাচার মধ্যে জায়গা জমি নিয়া মাইর অয়,আমার আব্বা আর চাচার মাজে জায়গা জমি লইয়া ঝগড়া হয়,আমার আব্বা আর চাচার মাজে জাগা জমিন লইয়া মাইর অয়,আমার আব্বা আর চাচার মাজে জায়গা জমি লইয়া ঝগড়া হয়,আমার আব্বু আর চাচার মাজে জায়গা জমি লইয়া ঝগড়া অয়,আমার আব্বু আর চাচার মধ্যে জায়গা জমি নিয়ে ঝগড়া হয়,আমার আব্বা আর চাচার মাজে জায়গা জমি লইয়া ঝগড়া অয়
লোকটি কিছু দিন আগে বিয়ে করেন,লোকটা কিছুদিন আগে বিয়া করছইন,লোকডা কুনদিন আগে বিয়া করছে,বেটা কুনদিন আগে বিয়া খরইন,লোকডা কুনদিন আগে বিয়া করছে,লোকডায় কিছুডিন আগে বিয়া করছে,লোকটি কিছু দিন আগে বিয়ে করেন,লৌকডা কেদিন আগে বিয়া করছে
প্রথমে তোমাকে একটি বইয়ের দোকানে যেতে হবে,প্রথমে তোমাকে একটা বইয়ের দোখানো যাইতে হইবো,প্রথমে তোকে একডা বইয়ের দোকানে যাইতে হইব,পয়লা তুমারে এখটা বইর দুকানো যাইতাম লাগবো,প্রথমে তোকে একডা বইয়ের দোকানে যাইতে হইব,প্রথমে তোরে এখটা বইর দোকানে যাইত অইব,প্রথমে তোমাকে একটি বইয়ের দোকানে যেতে হবে,আগে তোয়ার একডা বইর দোকানত যাইত হইবো
বেশি কিছু বলার আগেই আবেগে চোখে পানি চলে আসছে,বেশি কিছু বলার আগেই আবেগে চোউক এর ফানি চলে আইতেছে,বেশি কিছু কইবার আগেই আবেগে চোখে পানি আইতাছে,বহুত কুনতা কওয়ার আগেই আবেগে চকুত পানি আই অইছে,বেশি কিছু কইবার আগেই আবেগে চোখে পানি আইতাছে,বেসি কিছু কইবার আগেই আবেগে চোখে পানি আইতাছে,বেশি কিছু বলার আগেই আবেগে চোখে পানি চলে আসছে,বেশি কিছু কইবার আগেই আবেগে চোখত পানি আইতাসে
আপনার বন্ধুদের গালি দেওয়ার সুযোগ করে দিন,আফনার বন্ধুদের গালি দেওয়ার সুযোগ কইরা দিন,আপনের বন্ধুদের গালি দিবার সুযোগ কইরা দেন,আফনের বন্ধুবান্ধবর গালি দিবার সোজুগ খরি দেইন,আপনের বন্ধুদের গালি দিবার সুযোগ কইরা দেন,আপনের বন্ধুগোর গালি দেওনর সুযোগ দিয়া দেন,আপনার বন্ধুদের গালি দেওয়ার সুযোগ করে দিন,আপনের বন্ধাগো গালি দেওনর সুযোগ দ্যান
অনেক মানুষ এখনো পেছনে লাইনে দাঁড়িয়ে আছে,অনেক মানুষ এখোনো পেছনো লাইনো দাঁড়িয়া আছইন,অনেক মানুষ এখনো পিছে লাইনে দাঁইড়া আছে,বাক্কা মানুষ এবো ধরি পেছনে লাইনত উবানিত রইছে,অনেক মানুষ এখনো পিছে লাইনে দাঁইড়া আছে,অনেক মানুষ এখনো পেছনে লাইনে দাঁইরা আছে,অনেক মানুষ এখনো পেছনে লাইনে দাঁড়িয়ে আছে,বহুত মানুষ এহনও পেছনে লাইনে দাঁইড়া আছ
একজন মহিলা মারা গেছেন,একজন বেডি মারা গেছইন,একডা মহিলা মরা গেছে,এখজন বেটি মরি গেছে,একডা মহিলা মরা গেছে,এখজন মাইয়া মারা গেছেগা,একজন মহিলা মারা গেছেন,একডা মাইয়া মারা গইছে
আপনি এত গরীব আগে কেন বলেননি,আফনি এত গরীব আগে কেনে কইলা না,আপনে এত গরীব আগেই ক্যান কইলেন না,আফনে এত গরীব এর আগে কিয়েন কইছেন নি,আপনে এত গরীব আগেই ক্যান কইলেন না,আপনি এত গরীব আগে ক্যান কইনাই,আপনি এত গরীব আগে কেন বলেননি,আপনে এত গরীব আগে ক্যান কহননাই
তুমি ছাড়া এই পৃথিবীতে আমার আর কেউ নেই,তুমি ছাড়া এই পৃথিবীতে আমার আর কেউ নাই,তুই ছাড়া এই দুনিয়াতে আমার আর কেউ নাই,তুমি ছাড়া অউ দুনিয়াত আমার আর খেউ নায়,তুই ছাড়া এই দুনিয়াতে আমার আর কেউ নাই,তুই ছাড়া এই দুনিয়াত আমার আর কেও নায়,তুমি ছাড়া এই পৃথিবীতে আমার আর কেউ নেই,তুঁই ছাড়া এই দুনিয়াত আমার আর কারও নাই
আমি আগেই বলেছি তোমাকে নিয়ে বিদেশ ঘুরতে চাই,মুই আগেই কইছলাম তোমারে নিয়া বিদেশ ফাকাইতে চাই,আমি আগেই কইছি তোকে লইয়া বিদেশ ঘুরতে চাই,মুই এর আগেই কইছি তুমারে লইয়া বিদেশ গুরাত চাই,আমি আগেই কইছি তোকে লইয়া বিদেশ ঘুরতে চাই,আںই আগেই কৈছি তোরে লইয়া বিদেশ ঘুরত চাই,আমি আগেই বলেছি তোমাকে নিয়ে বিদেশ ঘুরতে চাই,মই আগেই কইছম তোয়ার লগে বিদেশ ঘুরন চাই
আমার আম্মু আমাকে সবার সামনে মারতে মারতে বাসায় নিয়ে আসে,আমার আম্মা আমাকে হকলের সামনে মারতে মারতে বাসাত নিয়া আইছে,আমার আম্মা আমারে সবার সামনে মারতে মারতে বাসায় আনে,আমার আম্মায় আমারে সবর সামনে মারতে মারতে বাসাত লইয়া আয়,আমার আম্মা আমারে সবার সামনে মারতে মারতে বাসায় আনে,আমার মায় মোরে সবার সামনে মারতে মারতে বাসায় লইয়া আই,আমার আম্মু আমাকে সবার সামনে মারতে মারতে বাসায় নিয়ে আসে,আমার আম্মু মইক সবার সামনে মাইর মাইর ঘর লইয়া আই
আপনি কি জানেন এখানে অনেক ছেলে কমেন্ট পড়তে আসবে,আফনি কিতা জানেন এখানে অনেক ফুয়াইন কমেন্ট ফরাত আইবা,আপনে কি জানেন এখানে অনেক পোলা কমেন্ট পড়তে আইব,আফনে কিতা চিনইন ওনো বাক্কা ফুয়া কমেন্ট ফরার লাগি আইবো,আপনে কি জানেন এখানে অনেক পোলা কমেন্ট পড়তে আইব,আপনি কিতা জানেন এহন অনেক ফুয়া কমেন্ট পইরত আইব,আপনি কি জানেন এখানে অনেক ছেলে কমেন্ট পড়তে আসবে,আপনে জানেন এখানে বহুত ফুয়া কমেন্ট পড়ন আসমু
আবেগের ভালোবাসা কাউকে দেওয়া উচিত না,আবেগর ভালোবাসা কাউকে দেওয়া উচিৎ না,আবেগের ভালবাসা কাকেও দিবার উচিত না,আবেগর ভালা পাওয়ার খেউরে দিবার উচিত নায়,আবেগের ভালবাসা কাকেও দিবার উচিত না,আবেগর ভালাবাসা কারওক দিত ঠিক নায়,আবেগের ভালোবাসা কাউকে দেওয়া উচিত না,আবেগর ভালবাসা কারও দ্যান উচিত নাই
একদিন বিবেকের কাছে আবেগের ভালোবাসা হেরে যাবে,একদিন বিবেকের কাছে আবেগর ভালোবাসা হারিয়া যাইবো,একদিন বিবেকের কাছে আবেগের ভালবাসা হেরে যাইব,এখদিন বিবেকর কান্দাত আবেগর ভালা পাওয়ার হারি যাইবো,একদিন বিবেকের কাছে আবেগের ভালবাসা হেরে যাইব,একদিন বিবেকর লগে আবেগর ভালাবাসা হারি যাইব,একদিন বিবেকের কাছে আবেগের ভালোবাসা হেরে যাবে,একদিন বিবেকর কাছে আবেগর ভালবাসা হারি যামু
আমার মনের ভালোবাসা চিরদিন তোমার জন্য থেকে যাবে,আমার মনের ভালোবাসা চিরদিন তোমার লাগি থাইকা যাইবো,আমার মনের ভালবাসা চিরদিন তোর লাগি থাকব,আমার মনর ভালা পাওয়ার সারাজীবন তুমার লাগি থাহি যাইবো,আমার মনের ভালবাসা চিরদিন তোর লাগি থাকব,আমার মনর ভালাবাসা চিরদিন তোর লাগি থাকি যাইব,আমার মনের ভালোবাসা চিরদিন তোমার জন্য থেকে যাবে,আমার মনের ভালবাসা চিরদিন তোয়ার লগে থাকি যামু
জীবনে একা একা পথ চলা অনেক কঠিন,জীবনে একলা একলা ফথ চলা অনেক কঠিন,জীবনে একা একা রাস্তা চলা অনেক কঠিন,জীবনো একলা একলা পথ চলা বাক্কা খট্টিন,জীবনে একা একা রাস্তা চলা অনেক কঠিন,জীবনত একা একা পথ চলন অনেক কঠিন,জীবনে একা একা পথ চলা অনেক কঠিন,জীবনেত একা একা পথ চলন বহুত কষ্টের
আমার জীবন আমি তোমাকে নিয়ে বাঁচার জন্য দিব,আমার জীবন মুই তোমারে নিয়া বাঁচার লাগি দিমু,আমার জীবন আমি তোকে লইয়া বাঁচবার লাগি দিমু,আমার জীবন মুই তুমারে লইয়া বাঁচার লাগি দিমু,আমার জীবন আমি তোকে লইয়া বাঁচবার লাগি দিমু,আমার জীবন আںই তোরে লইয়া বাঁচনর লাগি দিব,আমার জীবন আমি তোমাকে নিয়ে বাঁচার জন্য দিব,আমার জীবন মই তোয়ার লগে বাঁচনর লাগি দিমু
আমার ভালবাসা দিয়ে সারাজীবন তোমার পাশে থাকতে চাই,আমার ভালুবাসা দিয়া হারাজীবন তোমার লগে থাকতে চাই,আমার ভালবাসা দিয়া সারাজীবন তোর পাশে থাকবার চাই,আমার ভালা পাওয়ার দিয়া সারাজীবন তুমার কান্দাত থাখতে চাই,আমার ভালবাসা দিয়া সারাজীবন তোর পাশে থাকবার চাই,আমার ভালাবাসা দিয়া সারাজীবন তোর পাশে থাকত চাই,আমার ভালবাসা দিয়ে সারাজীবন তোমার পাশে থাকতে চাই,আমার ভালবাসা দিয়া সারাজীবন তোয়ার পাশে থাকন চাই
তোমাকে কি করে বুঝাবো তোমাকে কতটা ভালবাসি?,তোমাকে কি করে বুঝাইমু তোমারে কতটা ভালো ফাই?,তোকে কেমনে বুঝাইমু তোকে কতটা ভালবাসি?,তুমারে কিলা বুজাইতাম তুমারে খতটা ভালা ফাই?,তোকে কেমনে বুঝাইমু তোকে কতটা ভালবাসি?,তোরে কিতা অইন বুঝাইমু তোরে কতটা ভালাবাসি?,তোমাকে কি করে বুঝাবো তোমাকে কতটা ভালবাসি?,তোয়ারে কিতা কইরা বুঝামু তোয়ারে কতটা ভালবাসি?
আপনাকে দেখে আমি দেখে থমকে দারিয়ে ছিলাম,আফনারে দেইখ্খা মুই দেইখ্খা থমকে উবানিত আছলাম,আপনে দেখার পর আমি থাইমা দাড়াইছিলাম,আফনারে দেকিয়া মুই দেকিয়া ভেমটালা লাগিয়া উবানিত আছিলাম,আপনে দেখার পর আমি থাইমা দাড়াইছিলাম,আপনে দেইখা আںই থমকা দাঁইরা আছিলাম,আপনাকে দেখে আমি দেখে থমকে দারিয়ে ছিলাম,আপনেরে দেহি মই থামি দাড়াইছিলম
আপনি খুব কষ্টে নিজেকে সামলে নিয়েছেন,আফনি খুব কষ্টে নিজরে সামলে নিয়াছইন,আপনে অনেক কষ্টে নিজেকে সামলাইছেন,আফনে বহুত খষ্টে নিজোরে সামলাইয়া নিছইন,আপনে অনেক কষ্টে নিজেকে সামলাইছেন,আপনি অনেক কষ্টে নিজেগো সামলাইছেন,আপনি খুব কষ্টে নিজেকে সামলে নিয়েছেন,আপনে বহুত কষ্টে নিজেক সামলাইছেন
আমার বান্ধুবি কিছু ভাবতে পারেনা আপনাকে ছাড়া,আমার বান্ধবী কিচ্ছু ভাবতে ফারে না আফনাকে ছাড়া,আমার বান্ধুবী কিছু ভাববার পারে না আপনে ছাড়া,আমার বান্ধুবি কুনতা ভাবতে ফারেনা আফনারে ছাড়া,আমার বান্ধুবী কিছু ভাববার পারে না আপনে ছাড়া,আমার বান্ধুবি কিছু ভাবতে পারের নায় আপনে ছাড়া,আমার বান্ধুবি কিছু ভাবতে পারেনা আপনাকে ছাড়া,আমার বান্ধুবি কিছু ভাবন পারে না আপনেরে ছাড়া
আমার বন্ধু কিছু লিখতে পারেনা আপনার নাম ছাড়া,আমার বন্ধু কিচ্ছু লিখতে ফারে না আফনার নাম ছাড়া,আমার বন্ধু কিসু লিখবার পারে না আপনের নাম ছাড়া,আমার বন্দু কুনতা লেখতে ফারেনা আফনার নাম ছাড়া,আমার বন্ধু কিসু লিখবার পারে না আপনের নাম ছাড়া,আমার বন্ধু কিছু লিখতে পারের নায় আপনের নাম ছাড়া,আমার বন্ধু কিছু লিখতে পারেনা আপনার নাম ছাড়া,আমার বন্ধা কিছু লিখন পারে না আপনের নাম ছাড়া
আপনাকে ভালোবাসি এই কথাটি বলা বাকি,আফনারে ভালাফাই এই কথাটি বলার বাকি,আপনে ভালবাসি এই কথাডা কইবার বাকি,আফনারে ভালা ফাই অউ মাতটা খইয়া বাকি,আপনে ভালবাসি এই কথাডা কইবার বাকি,আপনে ভালাবাসি এই কথাডা কইনো বাকি,আপনাকে ভালোবাসি এই কথাটি বলা বাকি,আপনেরে ভালবাসি এই কথাডা কহন বাকি
আমার আব্বুর খুব গরম লাগছে,আমার বাফর খুব গরম লাগছে,আমার আব্বার অনেক গরম লাগতাছে,আমার আব্বার বাক্কা গরম লাগের,আমার আব্বার অনেক গরম লাগতাছে,আমার আব্বুর অনেক গরম লাগতাছে,আমার আব্বুর খুব গরম লাগছে,আমার আব্বার বহুত গরম লাগতাসে
আমার ছোট বোনের গরম লাগছে,আমার ছোট বোইনর গরম লাগছে,আমার ছোট বোনার গরম লাগতাছে,আমার ছুটো বইনের গরম লাগের,আমার ছোট বোনার গরম লাগতাছে,আমার ছোট বোনর গরম লাগতাছে,আমার ছোট বোনের গরম লাগছে,আমার সোনা বোনর গরম লাগতাসে
এই শিশুটির অনেক ঠাণ্ডা লাগছে,এই শিশুটার অনেক ঠান্ডা লাগসে,এই পোলাডার অনেক ঠান্ডা লাগতাছে,অউ বাইচ্চাটির বাক্কা ঠান্ডা লাগের,এই পোলাডার অনেক ঠান্ডা লাগতাছে,এই শিশুটার অনেক ঠান্ডা লাগতাছে,এই শিশুটির অনেক ঠাণ্ডা লাগছে,এই ফুতর বহুত ঠান্ডা লাগতাসে
আমার বন্ধুর খুব মন খারাপ,আমার বন্ধুর খুব বিতর খারাফ,আমার বন্ধুর অনেক মন খারাপ,আমার বন্দুর বাক্কা মন খারাফ,আমার বন্ধুর অনেক মন খারাপ,আমার বন্ধুর অনেক মন খারাপ,আমার বন্ধুর খুব মন খারাপ,আমার বন্ধার বহুত মন খারাপ
আম্মু আমার জন্য নীল শাড়ি কিনে এনেছে,মাই আমার লাগি নীল শাড়ি কেনিয়া আনছইন,আম্মা আমার লাগি নীল শাড়ি কিনা আনছে,আম্মায় আমার লাগি নীল শাড়ি কিনিয়া আনছইন,আম্মা আমার লাগি নীল শাড়ি কিনা আনছে,মায় আমার লাগি নীল শাড়ি কিনি আইছে,আম্মু আমার জন্য নীল শাড়ি কিনে এনেছে,আম্মু আমার লাগি নীল শাড়ি কিনা আনি আইছে
আমি আমার বন্ধুকে একটি লাল গোলাপ কিনে উপহার দিয়েছি,মুই আমার বন্ধুকে একটা লাল গোলাফ কিনিয়া উপহার দিয়াছি,আমি আমার বন্ধুরে একডা লাল গোলাপ কিনা উপহার দিছি,মুই আমার বন্দুরে এখটা লাল গোলাপ কিনিয়া উপহার দিছি,আমি আমার বন্ধুরে একডা লাল গোলাপ কিনা উপহার দিছি,আںই আমার বন্ধুরে এখটা লাল গোলাপ কিনি উপহার দিছি,আমি আমার বন্ধুকে একটি লাল গোলাপ কিনে উপহার দিয়েছি,মই আমার বন্ধার একডা লাল গোলাপ কিনা উপহার দিছম
আমি আমার স্বামীর সাথে বিকালে পার্কে ঘুরতে যাব,মুই আমার স্বামীর লগে বিয়ানে পার্কে ফাকানিত যাইমু,আমি আমার স্বামীর লগে বিকালে পার্কে ঘুরতে যাইব,মুই আমার জামাইর লগে বিকালে পার্কত গুরাত যাইমু,আমি আমার স্বামীর লগে বিকালে পার্কে ঘুরতে যাইব,আںই আমার স্বামীর লগে বিকালে পার্কে ঘুরত যাইমু,আমি আমার স্বামীর সাথে বিকালে পার্কে ঘুরতে যাব,মই আমার স্বামীর লগে বিকালত পার্কত ঘুরন যামু
কাউকে ভালোবাসা দেওয়াতেই বেশি আনন্দ লাগে আমার,কাউকে ভালোবাসা দেওয়াতেই বেশি কুশি লাগে আমার,কাকেও ভালবাসা দিতেই আমার বেশি আনন্দ লাগে,খেউরে ভালা পাওয়ার দিবারেতেই আমার বাক্কা মজা লাগের,কাকেও ভালবাসা দিতেই আমার বেশি আনন্দ লাগে,কারওক ভালাবাসা দিতেই আমার বেসি আনন্দ লাগের,কাউকে ভালোবাসা দেওয়াতেই বেশি আনন্দ লাগে আমার,কারওক ভালবাসা দেইয়াতেই আমার বেশি আনন্দ লাগে
"যদি তুমি আমার কাছে ফিরে আস ,তবে তাকে ছেড়ে দাও","যদি তুমি আমার কাছে ফিরে আসো, তবে তাকে ছেড়ে দাও",যদি তুই আমার কাছে ফিরা আস তহন তাগে ছাইড়া দে,যদি তুমি আমার কান্দাত ফিরি আসো তাইলে তাইরে ছাইড়া দিও,যদি তুই আমার কাছে ফিরা আস তহন তাগে ছাইড়া দে,যদি তুই আমার লগে ফিইরা আস তহন তাগো ছাইড়া দে,"যদি তুমি আমার কাছে ফিরে আস ,তবে তাকে ছেড়ে দাও","যদি তুঁই আমার কাছে ফিইরা আস, তহন তাক ছাড় দে"
সে তোমার জন্য সব কিছু করতে পারে,সে তোমার লাগি সব কিছু করতে ফারে,সে তোর লাগি সব কিসু করবার পারে,হে তুমার লাগি হখল কুনতা খরতে ফারে,সে তোর লাগি সব কিসু করবার পারে,সেগা তোর লাগি সবকিছু করত পারের,সে তোমার জন্য সব কিছু করতে পারে,ও তোয়ার লগে সবকিছু করন পারে
আপনি যে মানুষটিকে ভালবাসবেন তাকে যদি না বুঝতে পারেন তাহলে আপনার এই প্রেমের কোনো অর্থ নেই,আফনি যে মানুষটাকে ভালাফাইবেন তাকে যদি না বুঝবার ফারইন তাহলে আফনার এই প্রেমের কোনো অর্থ নাই,আপনে যে মানুষডারে ভালবাসবেন তাগে যদি না বুঝবার পারেন তহন আপনের এই প্রেমর কুন অর্থ নাই,আফনে জে মানুষটারে ভালা ফাইবেন তাইরে যদি বুজতে ফারেন নি তাইলে আফনার অউ পিরিতর কুনো মানে নায়,আপনে যে মানুষডারে ভালবাসবেন তাগে যদি না বুঝবার পারেন তহন আপনের এই প্রেমর কুন অর্থ নাই,আপনে যে মানুষডারে ভালাবাইবেন তাগো যদি না বুঝত পারেন তহন আপনের এই প্রেমর কুনও অর্থ নায়,আপনি যে মানুষটিকে ভালবাসবেন তাকে যদি না বুঝতে পারেন তাহলে আপনার এই প্রেমের কোনো অর্থ নেই,"আপনে জে মানুষটেক ভালবাসমু তাক যদি না বুঝন পারেন, তহন আপনের এই প্রেমর কোন মানে নাই"
আপনি নিজে অসুখী হয়ে কিভাবে অন্যকে ভালোবেসে সুখী করবেন,আফনি নিজে অসুখী হয়ে কিলা অন্যকে ভালোবাসিয়া সুখী করবা,আপনে নিজে অসুখী হইয়া কেমনে অন্যারে ভালবাসা দিয়া সুখী করবার পারবেন,আফনে নিজে অসুখী অইয়া কিলা আরেকরে ভালাপাইয়া সুখী খরবেন,আপনে নিজে অসুখী হইয়া কেমনে অন্যারে ভালবাসা দিয়া সুখী করবার পারবেন,আপনে নিজে অসুখী হইয়া কিতা অইন অন্যক ভালাবাইয়া সুখী করমু,আপনি নিজে অসুখী হয়ে কিভাবে অন্যকে ভালোবেসে সুখী করবেন,আপনে নিজে অসুখী অইয়া কিতা কইরা অন্যক ভালবাসি সুখী করমুই
তুমি কারো জীবনে সুখ এনে দেবে এই ভেবে তোমার প্রেম করা উচিত,তুমি কারো জীবনে সুখ এনে দিবা এই ভেবে তোমার প্রেম করা উচিৎ,তুই কাকের জীবনে সুখ আনবার এই ভেবে তোর প্রেম করবার উচিত,তুমি খেউর জীবনত সুখ আনবা অউ ভাবিয়া তুমার পিরিত খরা উচিত,তুই কাকের জীবনে সুখ আনবার এই ভেবে তোর প্রেম করবার উচিত,তুই কারও জীবনত সুখ আইনা দিমু এই ভেবে তোর প্রেম করন ঠিক,তুমি কারো জীবনে সুখ এনে দেবে এই ভেবে তোমার প্রেম করা উচিত,তুঁই কারও জীবনেত সুখ আইন্নে দিবি এই ভাবি তোয়ার প্রেম করন উচিত
আপনার মনের কথা গুলো আমাকে আজ খুলে বলুন,আফনার মনের মাত গুলা আমকে আজ খুলিয়া বলুন,আপনের মনের কথাগুলা আমারে আজ খুলা কইন,আফনার মনর খতা গুইন আমারে আইজ খুইলা কওইন,আপনের মনের কথাগুলা আমারে আজ খুলা কইন,আপনের মনর কথা গুলা মোরে আইজ খুলা কইন,আপনার মনের কথা গুলো আমাকে আজ খুলে বলুন,আপনের মনের কথাগো মইক আইজ খুলা কহন
তুমি কখনই পারবে না অন্য কারও ভালোবাসাকে ছিনিয়ে নিতে,তুমি কখনোই ফারবা না অন্য কারও ভালুবাসাকে ছিনিয়া নিতে,তুই কুনদিন পারবি না অন্য কারও ভালবাসা ছিনাইতে,তুমি কুনোসমই ফারবা নি আরেকর ভালা পাওয়ারে ছিনাইত,তুই কুনদিন পারবি না অন্য কারও ভালবাসা ছিনাইতে,তুই কুনদিন পারব নায় অন্য কারও ভালাবাসা ছিনাইত,তুমি কখনই পারবে না অন্য কারও ভালোবাসাকে ছিনিয়ে নিতে,তুঁই কেদিনও পারমুই না অন্যকারও ভালবাসা ছিনন লইতে
তুমি জোর করে অন্যের ভালো লাগার মানুষ হতে পারবে না,তুমি জোর করে অন্যের ভালো লাগার হিতে ফারবা না,তুই জোর কইরা অন্যের ভাল লাগার মানুষ হইবার পারবি না,তুমি জোর খইরা আরেকর ভালা লাগার মানুষ অইতে ফারবা নি,তুই জোর কইরা অন্যের ভাল লাগার মানুষ হইবার পারবি না,তুই জোরকইরা অন্যর ভালা লাগার মানুষ অইত পারব নায়,তুমি জোর করে অন্যের ভালো লাগার মানুষ হতে পারবে না,তুঁই জোর কইরা অন্যর ভাল লাগনর মানুষ অইতে পারমুই না
আগামিকাল সকালবেলা তাদেরকে দেখতে পাবেন,আগামীকাল সকালবেলা তাদেরকে দেখতে ফারবা,আগামিকাল সকালে তাগো দেখবার পারবেন,আগামিকাল বিয়ানেত তাইরারে দেখতাম ফারবেন,আগামিকাল সকালে তাগো দেখবার পারবেন,আগামিকাল সাকালবেলা তেগোরে দেহত পারবা,আগামিকাল সকালবেলা তাদেরকে দেখতে পাবেন,আগামিকাল সাকালত উনাগো দেহন পারমুইন
তোমার কোন কথাতেই কোনও নিশ্চয়তা নেই,তোমার কোনো মাতই কোনোও হদিস নাই,তোর কুন কথাতেই কুন নিশ্চয়তা নাই,তুমার কুন মাততেই কুনো নিশ্চয়তা নায়,তোর কুন কথাতেই কুন নিশ্চয়তা নাই,তোর কুন কথাতই কুনও নিশ্চইতা নায়,তোমার কোন কথাতেই কোনও নিশ্চয়তা নেই,তোয়ার কোন কথাই কোন নিশ্চয় নাই
আমার অনেক ভালো লাগে কালো ওই চোখ দুটো তোমার,আমার অনেক ভালা লাগে কালা ওই চোউখ দুইটা তোমার,,তুমার কুন মাততেই কুনো নিশ্চয়তা নায়,,,,
তোমাকে একটি গোলাপ ফুল কিনে দিবো,তোমাকে একটা গোলাপ ফুল কিনিয়া দিমু,,,,,,
আমার এই মন তোমাকে দিলাম,আমার এই বিতর তোমারে দিলাইলাম,,,,,,
তোমার হাজার কথার মাঝে তোমার মনের কথা লুকিয়ে ছিল,তোমার হাজার মাতর মাঝে তোমার মনের মাত লুকাইয়া ছিল,,,,,,
একটা মানুষের সব কথা একদিনে মুখে বলে দেওয়া যায়না,একটা মানুষের সব মাত একদিনে মুখে বলে দেওয়া যায় না,,,,,,
আমার হাজার কথার মাঝে ওই একটা কথা তোমাকে বুঝে নিতে হবে,আমার হাজার মাতর মাঝে ওই একটা মাত তোমারে বুজে নিতে অইবো,,,,,,
আমি যতদিন বেঁছে থাকি আপনাকে মনে রাখবো,মুই যতদিন বাছিয়া থাকি আফনারে বিতর রাখমু,,,,,,
আমার যত কষ্ট হোক তোমাকে নিয়ে আমি জীবন সাজাবোই,আমার যত কষ্ঠ হোক তোমারে নিয়া আমি জীবন সাজাইমু,,,,,,
তোমার পড়াশোনা করে কি হবে যদি তুমি যাকে ভালোবাসো তাকেই না পাও,তোমার ফড়াশোনা করিয়া কিতা অইবো যদি তুমি যারে ভালোফাও তারেই না ফাও,,,,,,
চাঁদের মিষ্টি আলো দেখতে আমার খুব ভালো লাগে,চাঁদের মিষ্টি ফর্সা দেখতে আমার খুব ভালা লাগে,,,,,,
আমাদের ঘরের প্রতিটি রুম ফুল দিয়ে সাজিয়ে রেখেছি,আমাদের ঘরের প্রতিটা রুম ফুল দিয়া সাজিয়া রাখছি,,,,,,
মাছের বাজারে সবাই এসে বড় মাছটি দেখার জন্য ভিড় জমালো,মাছের বাজারে হকল আইয়া বড় মাছটক দেইখ্খার লাগি ভিড় জমাইলো,,,,,,
আমার বিয়ে করার জন্য আরেকটা দিন এগিয়েছে,আমার বিয়া করার লাগি আরেকদিন আগাইছে,,,,,,
দুজনে মিলে দুরে কোথাও ঘুরে আসতে পারি,দুজনে মিলিয়া দুরে কোনকানো ফাকাইয়া আইতে ফারি,,,,,,
আকাশের নীলে হারিয়ে যেতে চাই তোমায় নিয়ে,আকাশর নীলে কোয়াইয়া যাইতে চাই তোমায় নিয়া,,,,,,
আপনার জন্য মনে আমার অফুরন্ত ভালবাসা,আফনার লাগি বিতরে আমার অফুরন্ত ভালোবাসা,,,,,,
আমি সারা জীবন আপনার ভালবাসা পেতে চাই,মুই সারা জীবন আফনার ভালোবাসা ফাইতে চাই,,,,,,
আমি এবং আমার ছোট বোন একসাথে সাঁতার কাটি,মুই এবং আমার ছোট বোন একসাথে হাতার কাটি,,,,,,
তোমাকে নিয়ে সুখের পৃথিবী সাজাতে চাই,তোমারে নিয়া সুখের পৃথিবী সাজাতে চাই,,,,,,
আজ সিলেটে বৃষ্টি হবে,আইজ সিলেট বৃষ্টি অইবো,,,,,,
তোমার মিথ্যা ভালবাসা একদিন হেরে যাবে,তোমার মিথ্যা ভালোবাসা একদিন হারিয়া যাইবো,,,,,,
আমার সত্যের ভালবাসা কোনদিনও হারবে না,আমার হাচা ভালো ফাওয়া কোনোদিনও কোয়াইবে না,,,,,,
এই গানটি আমার খুব ভালো লাগে,এই গানটি আমার খুব ভালা লাগে,,,,,,
তোমাকে অসম্ভব সুন্দরী লাগে,তোমারে অসম্ভব সুন্দরী লগের,,,,,,
আপনার কি এখনও আপনার ভালোবাসার মানুষটার কথা মনে পড়ে,আফনার কিতা এখনও আফনার ভালোফাওয়ার মানুষটার মাত মনে পড়ে,,,,,,
তোমার সাথে দেখা হলেই পুরাতন ইতিহাস মনে পড়ে যায়,তোমার লগে দেখা হলেই আগর ইতিহাস মনে পড়ে যায়,,,,,,
এই ছবির নীল আকাশ অনেক সুন্দর,এই ছবির নীল আকাশ অনেক সুন্দর,,,,,,
তুমি এক সন্ধ্যায় অফিস থেকে বাসায় ফিরে দেখবে আমি আর নেই,তুমি এক হাইনজা অফিসে থাকি বাসায় ফিরে দেখবা মুই আর নাই,,,,,,
তোমার কন্যা তোমাকে অনেক ভালবাসে,তোমার কইন্না তোমারে অনেক ভালাফায়,,,,,,
আমার মাঝে মাঝে চিৎকার করে কাঁদতে ইচ্ছে করে,আমার মাঝে মাঝে চিৎকার করিয়া কান্দিতে জানে কয়,,,,,,
তুমি চলে যাওয়ার পর আমার জীবন থেমে গেছে,তুমি চলে যাওয়ার পর আমার জীবন থামিয়া গেজে,,,,,,
আমার ছোট বোন কেমন যেন শান্ত হয়ে গেছে,আমার ছোট বোইন কেমনে যানি নিরাই অই গেজে,,,,,,
বাবা মার আদর ভালোবাসা ছাড়া আমি বড় হয়েছি,বাপ মার মায়া ভালোবাসা ছাড়া মুই বড় অইগেজি,,,,,,
তুমি সত্যিই খুব কঠিন সময় পার করছ,তুমি হাচাও খুব কঠিন সময় ফার করছো,,,,,,
বাবা হয়ে মায়ের দায়িত্ব পালন করা করা খুব কঠিন,বাফ অইয়া মাই এর দায়িত্ব পালন করা খুব কঠিন,,,,,,
একটি শিশুকে একমাত্র তার মায়ের কোলেই মানায়,একটা শিশুকে একমাত্র তার মাইয়ের কোলেই মানায়,,,,,,
আমার কোলে এসে শিশুটি তার মাকে খোঁজে মনে হয়,আমার কোলে আইয়া শিশুটারে তার মাই রে খোজে মনে হয়,,,,,,
আমি যে মা তাই আমি আমার বাচ্চার মুখের দিকে তাকিয়ে অনেক কিছু বুঝতে পারি,আমি যে মাই তাইন মুই আমার বাচ্চার মুখের দিকে তাকিয়া অনেক কিছু বুঝতে পারইন,,,,,,
এই কঠিন বাস্তবের সাথে তোমাকে মানিয়ে নিয়ে চলতে হবে,এই কঠিন বাস্তবের লগে তোমাকে মানিয়া নিয়া চলতে অইবো,,,,,,
মেয়েটি একটি ভালো চাকরি করে,ফুড়িটা একটা ভালো চাকরি করে,,,,,,
এই মাসে ছেলে তার পরিবার নিয়ে ঘুরতে যাওয়ার কথা,এই মাসো ফুয়া তার পরিবার নিয়া ফাকানিত যাওয়ার কথা,,,,,,
আমার পরিবার আজকে বিকালে তোমার পরিবারের সাথে কথা বলবে,আমার পরিবার আইজকে বিকালে তোমার পরিবারের লগে মাতবে,,,,,,
আমাদের দুজনের বিয়ে হওয়ার কথা চলছে,আমাদের দুজনের বিয়া অওয়ার মাত চলতেছে,,,,,,
মেয়েটি এই ছেলেকে বিয়ে করতে রাজি হচ্ছে না,ফুড়িটা এই ফুয়ারে বিয়া করতে রাজি অর না,,,,,,
আমার স্বামী আমাদেরকে নিয়ে রাতের বেলা ঘুরতে বের হবে,আমার স্বামী আমাদেরকে নিয়া রাইতর বেলা ফাকানিত বের অইবা,,,,,,
আমার পছন্দ হয় এমন ছেলে আমার বাবা মায়ের পছন্দ হয় না,আমার ফছন্দ হয় এমন ফুয়া আমার বাফ মাইয়ের ফছন্দ হয় না,,,,,,
তোমার মত মানুষেরা কখনো ঠিক হবে না,তোমার মত মানুষেরা কখনো ঠিক হবে না,,,,,,
ছেলেটি তার পরিবারের পছন্দে বিয়ে করে ফেলে,ফুয়াটা তার ফরিবাবের পছন্দে বিয়া করি ফালাইছে,,,,,,
আমার ভাই মেয়েটির সাথে গতকাল যোগাযোগ করে,আমার ভাই ফুড়িটার লগে গতকাল যোগাযোগ করে,,,,,,
ছেলে কোন ধরনের মামলা চায় না,ফুয়া কোন ধরনের মামলা চায় না,,,,,,
সে বিবাহিত তাই মামলা করতে চাচ্ছে না,হে বিয়াতি তাই মামলা করতে চার না,,,,,,
এই বিষয়টা জানাজানি হলে মহিলাটির সংসার টিকবে না,এই বিষয়টা জানাজানি অইলে বেডিনতর সংসার টিকতো না,,,,,,
আমার বন্ধু মেয়েদের সাথে সারা রাত জেগে কথা বলে,আমার বন্ধু ফুড়িন্তর লগে সারা হারা রাইত জাগিয়া মাত মাতইন,,,,,,
আমার কাবিনের টাকা তোমাকে প্রতি মাসে মাসে দিতে হবে,আমার কাবিনের টেখা তোমাকে পতি মাসো মাসো দিতে অইবো,,,,,,
আমার বড় ভাই সাত মাস প্রেম করে একজনকে বিয়ে করেছে,আমার বড় ভাই সাত মাস প্রেম করিয়া একজনকে বিয়া করছে,,,,,,
আমি ক্লাসের সব ছেলেদের সাথেই মিশতাম,আমি ক্লাসের হকল ফুয়াদের সাথেই মিসতাম,,,,,,
তোমার অনেক ভুল ছিল,তোমার অনেক ভুল আছিল,,,,,,
এই তিন বছরের শিশুটির দোষ কোথায় ?,এই তিন বছরের শিশুটির দোষ কোয়াই?,,,,,,
তোমাকে বলেছিলাম বিয়েটা করে ফেলো,তোমাকে কইলাম বিয়াটা করি ফালাইতা,,,,,,
শুধু তোমার ভালোর জন্য বিয়েটা করে ফেলতে বললাম,শুধু তোমার ভালার লাগি বিয়াটা করিয়া ফালাইতা কইলাম,,,,,,
তোমার ভালোর জন্যই আমি তোমাকে ছেড়ে দূরে চলে আসছি,তোমার ভালার লাগি মুই তোমারে ছাড়িয়া দুরই চলিয়া আইসি,,,,,,
আমি আর তুমি একসাথে নেই আমি এটা মানতে পারছি না,আমি আর তুমি একলগে নাই আমি এইটা মানতে ফারছি না,,,,,,
আমার আর আপনার স্বপ্নটা যে কবে পূরণ হবে,আমার আর আফনের স্বপ্নটা যে কুনদিন পূরণ অইতো,,,,,,
তোমার পরিবার আমার বাবার সাথে কথা বলতে চায়,তোমার ফরিবারের আমার বাফর লগে মাত মাততে চায়,,,,,,
তোমার বিয়ে হবে শুনে আমরা খুব খুশি,তোমার বিয়া হবে আমরা খুব কুশি,,,,,,
আমার বোন তার বন্ধুর সাথে ঘুরতে যেতে চায়,আমার বোইনর তার বন্ধুর লগে ফাকানিত যাইতে চায়,,,,,,
আমার বন্ধুরা সত্যিই ভালো হৃদয়ের মানুষ,আমার বন্ধুরা হাচাও ভালা মনের মানুষ,,,,,,
আমার বন্ধুরা সবাই খুব মেধাবী,আমার বন্ধুরা হকল খুব মেধাবী,,,,,,
আমার বন্ধুদের সাথে ঘুরতে খুব ভালো লাগে,আমার বন্ধুদের লগে ফাকানিত খুব ভালা লাগে,,,,,,
তাদের পরিবারে কোন ঝগড়া হয় না,তাদের ফরিবার কোনো ঝগরা অয় না,,,,,,
আমার ভাই বোনের খুব ভালো ছবি আঁকে,আমার ভাই বোইনর খুব বালা ছবি আকইন,,,,,,
আমার গ্রামের মানুষদের মধ্যে কোন রকম ঝগড়া নেই,আমার গ্রামর মানুষদের মধ্যে কোনো রকম ঝগড়া নাই,,,,,,
আপনি খুব সুন্দর করে কথা বলেন,আফনে খুব সুন্দর করিয়া মাত মাতইন,,,,,,
তোমার সুন্দর সুন্দর ছবিগুলো দেখে খুব আনন্দ পেয়েছি,তোমার সুন্দর সু্ন্দর ছবিগুলি দেখিয়া খুব আনন্দ পাইছি,,,,,,
বিয়ের পর অনেক পাতলা মেয়ে মোটা হয়ে যায়,বিয়ার পর অনেক হোকনা ফড়ি মোটা অই যায়,,,,,,
মেয়েরা বিয়ে করার জন্য ভদ্র ছেলে খুঁজে,ফড়িন্তর বিয়া করার লাগি ভদ্র ফুয়া তোকাইন,,,,,,
আমার খুব ভয় লাগছে কোনো দিন আমি কিডন্যাপ হয়ে না যাই,আমার খুব ডর লাগের কোনদিন মুই নি কিডন্যাপ অইনি যাই,,,,,,
আজ সিঙ্গেল বলে ঘুরতে যেতে পারি না,আইজ সিঙ্গেল বলিয়া ফাকানিত যাইতে ফারি না,,,,,,
বাস্তব জীবনে বিয়ের পরই ঝগড়া শুরু হয়,বাস্তব জীবনে বিয়ার পরইঝগরা শুরু অয়,,,,,,
আজ গরিব বলে কেউ আমাকে ভালবাসে না,আইজ গরিব বলিয়া কেউ আমারে ভালাফায় না,,,,,,
"যতদিন এই পৃথিবীতে থাকব , তোমাকে মনে রাখব","যতদিন এই দুনিয়াতে থাকমো, তোমারে বিতর রাখমো",,,,,,
একমাত্র মেয়েরাই পারে সংসার গুছিয়ে রাখতে,একমাত্র ফড়িন্তরা ফারে সংসার গুঁজিতে রাকতে,,,,,,
ছেলেদের সহজ সরল মনটা নিয়ে মেয়েরা ফুটবল খেলে,ফুয়ান্তর সহজ সরল মনটা নিয়া ফুড়িন্তে ফুটবল কেলইন,,,,,,
ছেলেটি গাড়ির নিচে পরে মারা যায়,ফুয়াটা গাড়ির নিছে ফরিয়া মারা গেছে,,,,,,
একবার তোমার হাঁট ধরলে আর কোনদিনও ছাড়বনা,একবার তোমার হাত ধরলে আর কোনোদিনও ছাড়তাম না,,,,,,
তুমি ছাড়া আমার জীবনটা অন্ধকার,তুমি চাড়া আমার জীবনটা আইন্দার,,,,,,
তোমার চুল পরার এই সমস্যা নিয়ে ডাক্তারের কাছে যেতে হবে,তোমার চুল পরার এই সমস্যা নিয়া ডাক্তারের কাছে যাইতে অইবো,,,,,,
ভালো মানুষ এই পৃথিবীতে বেশি দিন বাঁচে না,ভালা মানুষ এই দুনিয়াত বেশি দিন বাচে না,,,,,,
গ্রামের বাড়ির এই মেয়েটাকে খুব ভালো লেগেছিল,গ্রামের বাড়ির এই ফুড়িটারে খুব ভালা লাগচিল,,,,,,
ছেলেটি ছুটির দিনেও কলেজে যায়,ফুয়াটা ছুটির দিনও কলেজে যায়,,,,,,
আমার বাংলা সিনেমা দেখতে ভালো লাগে,আমার বাংলা সিনেমা দেকতে ভালা লাগে,,,,,,
তোমাকে আমি ধন্যবাদ জানাতে চাই,তোমারে মুই ধন্যবাদ জানাতে চাই,,,,,,
তোমার ছোট ভাইয়ের জন্মদিন কবে?,তোমাকে ছোট ভাইয়র জন্মদিন খবে?,,,,,,
তুমি কি আমাকে একটি ছবি তুলে দিতে পারবে,তুমি কিতা আমারে একটা ছবি তুলিয়া দিতা পারবায় নি,,,,,,
তোমার সাথে আমার আম্মু কথা বলতে চায়,তোমার লহে আমার আম্মা মাত তে চায়,,,,,,
তোমার কাছে আমি একটি পরামর্শ চাই,তোমার কাছে আমি একটা পরামর্শ চাইরাম,,,,,,
আপনি কি আমাকে একটি গান গেয়ে শুনাতে পারবেন ?,আফনে কিতা আমারে একটা গান হুনাতে পারবানি?,,,,,,
তুমি কি তোমার ভুল বুঝতে পেরেছ ?,তুমি কিতা তোমার ভুল বুঝতর ফারছোনি?,,,,,,
তুমি কি আমার জন্য একটি গান লিখে দিতে পারবে?,তুমি কিতা আমার লাগি একটা গান লিখিয়া দিতা ফারবানি?,,,,,,
আমার প্রতিদিন খেলাধুলা করতে ভালো লাগে,আমার প্রতিদিন খেলাধুলা করতে ভালা লাগে,,,,,,
আমার বন্ধুরা সকাল বেলা ফুটবল খেলতে মাঠে যায়,আমার বন্ধুইন্তে সকালে ফুটবল খেলাত মাঠো যাইন,,,,,,
তোমার বয়স কত?,থোমার বয়স কত?,,,,,,
আমি অনেক বড় ভুল করে ফেলেছি,আমি বহুত বড় ভুল করছি,,,,,,
চাঁদের আলো দেখতে আমার খুব ভালো লাগে,চান্দোর আলো দেখতে আমার ভালা লাগে,,,,,,
তুমি কি সকালে উঠে চা খাবে ?,থুমি কিতা সকালে উঠিয়া চা খাইবায় নি?,,,,,,
আপনি একটু এইদিকে আসতে পারবেন ?,আফনে থুরা ওদিকে আইতা ফারবা নি?,,,,,,
তোর পরিক্ষা কবে ?,থোর ফরিক্ষা কোন সময়ে?,,,,,,
আমাকে বিকালে খেলার মাঠে যেতে হবে,আমার বিকালে খেলার মাঠো যাইতে অইবো,,,,,,
কিছু মানুষ অনেক স্বার্থপর হয়,থুরা মানুষ বহুত স্বাথপর অইন,,,,,,
আমি একজন ভালো মানুষ হতে চাই,মুই একটা ভালা মানুষ অইতাম চাই,,,,,,
আমার পরিবার তোমাকে কোনদিনও মেনে নেবে না,আমার গুষ্টি -এ থোমারে মানতা না,,,,,,
আপনাকে ছাড়া আমার বান্ধুবি ভালো নেই,আপ্নারে ছাড়া আমার বান্ধবী ভালা নায়,,,,,,
মেয়েটির রাগ অনেক বেশী,ফুরি ইগুর চ্যাত বেশি,,,,,,
আপনি কি চান আমি এখান থেকে চলে যাই ?,আফনে চাইন নি আমি ইন তাকি যাই গি?,,,,,,
আপনি কি এই বিয়েতে রাজি হয়েছেন ?,আফনে এই বিয়াত রাজি নি?,,,,,,
আমার আব্বুর মাথা গরম থাকে,আমার আব্বার মাথা গরম থাকে,,,,,,
আমার বড় ভাই একজন বদমেজাজি লোক,আমার বড় ভাই এইন রাগি মানুষ,,,,,,
যেই মেয়ে বেশী কথা বলে তাকে আমার পছন্দ না,যে ফুড়িয়ে বেশি মাতে ইগুরে আমার ফছন্দ না,,,,,,
ছেলেটি অনেক বেশী কথা বলো,ফুয়া ইগুয়ে বেশি মাতে,,,,,,
আপনি আজ সকালে চা খান নাই,আফনে আজকে চা খাওছইন নি?,,,,,,
আজ সকালে আমি এবং আমার বন্ধুরা ফুটবল খেলতে মাঠে গিয়েছি,আজকে সকালে আমি আর আমার বন্ধুইন্তে ফুটবল খেলাত গেসলাম মাঠো,,,,,,
আমি আমার আম্মুর সব কথা খুবই মনোযোগ দিয়ে শুনি,আমি আমার আম্মার হক্কল কথা ধুন দরিয়া হুনি,,,,,,
আমার বান্ধুবির একটি ছোট বিড়াল আছে,আমার বান্ধুবির ছোট এখটা বিলাই আছে,,,,,,
লোকটি তার বউয়ের গায়ে হাত তুলে,বেটায় তার বউর গাত হাত তুলছে,,,,,,
তোমার কি লোক দেখানো শেষ?,তোমার কিতা মানুষ দেখানি শেষ নি?,,,,,,
আমার বউ আমাকে কোনদিনও খোঁচা মেরে কথা বলেনি,আমার বউয়ে আমারে কোনদিন খুছাইয়া মাতছে না,,,,,,
তুমি একজন ভালো মেয়ে মানুষ,তুমি একটা ভালা ফুড়ি,,,,,,
তোমাকে জোর করে বিয়ে দেয়া হয়েছিল,তোমারে জোড় করিয়া বিয়া দেওয়া অইছিল,,,,,,
তিনি দুইবেলা ভাত খেতে পারেন না,তাইন দুই বেলা ভাত খাইতা ফারইন না,,,,,,
তোমার পাশে থাকলে আমি কল্পনার চেয়েও বেশি সুখী থাকি,তুমি খান্দাত থাকলে স্বপ্নের থাকি বেশি সুখি থাকি,,,,,,
আম্মু আজকে খাবারে লবণ কম দিয়েছে,আম্মোয়ে খানিত লবণ কম দিছইন,,,,,,
আমার আম্মু সব সময় বেশ হাসি খুশি থাকে,আমার আম্মু সবসময় ফুরতিত থাকইন,,,,,,
তোমার জন্য এত কিছু করেও কোন লাভ হলো না,তোমার লাগি অতোতা করিয়া লাভ নাই,,,,,,
আপনি আমাকে আর কত অবাক করবেন?,আফনে আমারে আর কত অবাক করতা?,,,,,,
আপনি একটু কম চাপাবাজি করেন,আফনে একটু কম ছাপা মারওক্কা,,,,,,
আজকে আমার ছোট বোন রান্না করেছে,আজকে আমা ছোট বইনে রান্দিছে,,,,,,
খাবারে লবণ একটু বেশী হয়ে গেসে,খানিত লবণ বহুত বেশি অইগেছে,,,,,,
খাবারে লবণ কম হলে আরো ভালো লাগতো,খানিত লবণ কম অইলে ভালা অইতো,,,,,,
আজকে আমি বাহিরে যাবোই,আজকে আমি বাইরে যাইমো,,,,,,
আপনি একা একা বাহিরে ঘুরতে যান,আফনে এখলা এখলা বাইরে ঘুরায় যাইন,,,,,,
আমি খুব জোস মেকআপ করি,আমি খুব ভালা সাজাই,,,,,,
তুমি একদমই না বুঝে বেশী কথা বলো,তুমি ফুরা না বুজিয়া মাতো,,,,,,
"আপনাকে কিছু বলা লাগে না , আপনি এমনিতেই আমার মনের কথা বুঝে যান","আফনারে কুন্তা কওয়া লাগে না, আফনে এমনই আমার হক্কলতা বুজুইন",,,,,,
তোমার চোখ থাকে অন্য মেয়েদের দিকে,তোমার চোখ থাকে অন্য ফুরিন্তর বায়,,,,,,
তোমার বিবাহিত জীবন সুখের হোক,তোমার বিয়ার জীবন সুখর অইক,,,,,,
আমাদের বাসার দারওয়ান রাতে মদ খায়,তোমার চকিদারে রাত্রে মদ খায়,,,,,,
আমার স্বামী রাতে বন্ধুদের সাথে আড্ডা দেয়,আমার জামাইয়ে রাত্রে বন্ধুইন্তর লগে আড্ডা মারইন,,,,,,
আমি আর আমার আব্বু বিয়ে বাড়িতে যাচ্ছি,আমি আর আম্মু বিয়া বাড়িত যাইয়ার,,,,,,
তুমি আমার কাছে ধরা পড়ার পরেও পরকীয়া করার কথা স্বীকার করছ না,তুমি আমার কাছে দরা পড়িয়াও অন্য ফুরির পিছে পরকীয়াত সিকার কররায় না,,,,,,
একটা বিবাহিত মহিলা রাস্তা দিয়ে হেতে যাচ্ছে,এখটা বিয়াতি বেটি রাস্তা বায় হাটিয়া যার,,,,,,
আমার আম্মু আমার পড়াশোনার খরচ দিতে চায় না,আমার আম্মায় আমার পড়ার খরচ দিতা চাইরা না,,,,,,
আমার মা অনেক কষ্ট করে আমাদের বড় করেছেন,আমার আম্মু এ আমরারে বহুত কষ্ট করিয়া বড় করছইন,,,,,,
তোমার ছোট ভাই আগে নেশায় আসক্ত ছিল,তোমার ছুট ভাই ইগুয়ে আগে নেশা করতো,,,,,,
ছেলেটি সারাদিন বাহিরে বাহিরে থাকে,বেটা ইগু আস্তাদিন বাইরে বাইরে থাকে,,,,,,
আমার ফুফু চাচারাও আমাকে অনেক ভালবাসে,আমার ফুফু চাচায় আমারে বহুত ভালা ফাইন,,,,,,
আমার আম্মু আগের তুলনায় এখন অনেক ভালো আছেন,আমার আম্মু আগের তাকি বহুত ভাকা আছইন,,,,,,
আমি আর আমার ছোট বোন আজকে খালামুনির বাসায় ঘুরতে যাবো,আমি আর আমার ছুট বইন আজকে খালাম্মার বাসাত ঘুরাত যাইরাম,,,,,,
আমার বড় বোন এতো সকালে ঘুম থেকে উঠতে পারে না,আমার বড় বইন অতো সখাল ঘুম তাকি উত্তে পারে না,,,,,,
আমার বড় বোন প্রচন্ড অলস একটা কাজ সময়মতো করতে পারে না,আমার বড় বইন অতো অলস এখটা কাম করতে পারে না,,,,,,
আপনার সাথে আমার একটা জরুরি কথা আছে,আফনার লগে দরখারি খতা আছে,,,,,,
সকালে তাড়াতাড়ি উঠে বাহিরে একটু হেঁটে আসা খুব উপকারী,সকালে একটু তাড়াতাড়ি উঠিয়া বাইরে হাটা খুব দরখারী,,,,,,
তুমি কি আমটি খেয়েছিলে ?,তুমি কিতা আম খাইছলায় নি?,,,,,,
বাগানের মধ্যে গিয়ে আমার ছোট ভাই দৌড়াল,বাগানোর মাঝখানো আমার ছুট ভাইয়ে দৌড়ার,,,,,,
আপনি ফুটবল খেলায় হেরে গেলেন,আফনে ফুটবল খেলাত আরি গেসইন,,,,,,
তুমি ক্রিকেট খেলায় জিতলে,তুমি ক্রিকেট খেলাত জিতছো,,,,,,
তুই এখান থেকে যা,তুই ইন তাকি যা,,,,,,
আপনি আমাকে দয়া করে বিশ্বাস করেন,আফনে আমারে দয়া করিয়া বিশ্বাস করওক্কা,,,,,,
ছোট শিশুটি অসুস্থ হয়ে পরেছে,ছুট বাইচ্চা অসুখ অইগেসে,,,,,,
তুমি কি আমার জন্য অপেক্ষা করতে পারবে ?,তুমি কিতা আমার লাগি বার চাইতায় ফারবায়,,,,,,
তুমি আমার কাছে ক্ষমা চাও,তুমি আমার কাছে মাফ চাও,,,,,,
আমি বিকালে একটু ঘুমিয়ে নিলাম,আমি বিকালে ঘুমাই গেছলাম,,,,,,
আমার আব্বু বড় ভাইয়ের উপর রেগে গেছিলেন,আমার আব্বুয়ে বড় ভাইয়র উফরে রাগ করছইন,,,,,,
তোমার কথা শুনে আমি খুব অবাক হয়ে গেছিলাম,তোমার কথা হুনিয়া খুব অবাক অইছলাম,,,,,,
তোমার কি মাথা ব্যাথা করছে ?,তোমার কিতা মাথাত বেদনা করের নি?,,,,,,
আমার হাত খরচের টাকা আমার আব্বু দেয়,আমার হাত খরচ আমার আব্বুয়ে দেইন,,,,,,
আমার বোন ইদানীং অনেক খারাপ আচরন করে,আমার বইনে ইদানীং খারাফ আচরণ করের,,,,,,
আমি যেই ছেলেকে পছন্দ করি সে আমার পরিবারের কাউকে সম্মান করেনা,আমি যে ফুয়ারে ভালা ফাই ইগুয়ে আমার ফেমিলিরে সম্মান দেয় না,,,,,,
মেয়েটি তাকে বিয়ে করবে না বলে দিয়েছে,ফুরি ইগুয়এ বিয়া করতো না কই দিছে,,,,,,
বাড়ি থেকে বিয়ের জন্য আমার জন্য মেয়ে দেখা শুরু করলো,বাড়িত আমার বিয়ার লাগি ফুরি দেখা অর,,,,,,
আমার বিয়ে তোমার ছোট বোনের সাথে ঠিক হয়েছে,আমার বিয়া তোমার ছুট বইনর লগে ঠিক অইছে,,,,,,
ছেলেটি আরও দুই বছর পরে বিয়ে করতে চায়,ফুয়া ইগুয়ে দুই বছর পরে বিয়া করতো চায়,,,,,,
বাবা আমাদের সমস্ত সম্পত্তি বিক্রি করে আমাদের নিয়ে গ্রামের বাড়িতে চলে আসছে,আব্বুয়ে হক্কলতা বেছিয়া গ্রামোর বাড়িত লইয়া আচ্চুইন,,,,,,
আমি সবাইকে বুঝিয়ে বুঝিয়ে ক্লান্ত যে আমার আম্মু এরকম কিছু করে নাই,আমি হক্কলরে বুজাইয়া হেরান যে আম্মুয়ে কোন্তা করছইন না,,,,,,
তাদের পারিবারিক ভাবেই বিয়ে হয়েছে,তারার ফেমিলিগত ভাবে বিয়া অইছে,,,,,,
তাদের প্রেম করে বিয়ে হয়েছিল,তারার ফ্রেম করিয়া বিয়া অইছিল,,,,,,
আমার শাশুড়ি অনেক ভালো রান্না করে,আমার শাশুড়ী এ বহুত ভালা রান্দইন,,,,,,
বাবা অশিক্ষিত একটা ছেলের সাথে আমার বিয়ে দিতে চেয়েছিল,আব্বুয়ে বখলম ফুয়ার লগে বিয়া দিতা চাইছলা,,,,,,
আব্বু মান সন্মানের ভয়ে মামলা করেননি,আব্বুয়ে সম্মানোর লাগি মামলা করছইন না,,,,,,
ছেলেটি চাচার ভয়ে তার বাবাকে সত্যি কথা বলতে পারেনি,ফুয়ায় চাচার লাগি তার বাফরে সত্য কথা কইতে পারছে না,,,,,,
আমি তখন খুব ছোট যখন আমার মা মারা গিয়েছিল,আমি যখন খুব ছোট আসলাম যখন আমার আম্মু মরছিলা,,,,,,
গ্রামের থেকে আসা ছেলেটি এখন ঢাকায় পড়াশুনা করছে,গ্রাম থাকি আওয়া ফুয়া ইগু এখন ঢাকাত পড়ে,,,,,,
আমার সাথে তার পরিচয় হয়েছে স্কুলে গিয়ে,আমার লগে তার ফরিচয় অইছে তার ইস্কলো গিয়া,,,,,,
আমাকে দয়া করে পরামর্শ দিন আমি এখন কি করতে পারি,আমারে দয়া খরিয়া ফয়সালা দেওক্কা আমি কিতা করতে পারি,,,,,,
আমার বাহিরে ঘুরতে যাওয়ার কোন ইচ্ছা ছিল না,আমার বাইরে ঘুরার কোন ইচ্চা আসিল না,,,,,,
ছেলেটা সিগারেট পর্যন্ত খায় না,ফুয়া ইগু সিগারেট খায় না,,,,,,
প্রথমদিকে আপনাকে আমি এত ভালোবাসতাম না,ফতম দিকে আফনারে আমি ভালা ফাইতাম না,,,,,,
ছেলেটি সপ্তাহখানেক আগে আমাদের সাথে দেখা করেছে,ফুয়া ইগুর ৭ দিন আগে দেখা অইছিল,,,,,,
ওই মেয়েকে যেভাবেই হোক খুঁজে বের করতে হবে,অউ ফুরি ইগুরে যেলা অউক তুকাইয়া বার করতে অইবো,,,,,,
ছেলেটির ঘটনা শুনে আমরা তাকে সাহায্য করি,ফুয়া ইগুর হক্কলতা হুনিয়া আমার তারে সাহায্য করছি,,,,,,
ছেলেটি তার পরিবারসহ ঈদের আগের দিন আমাদের সাথে দেখা করতে আসে,ফুয়া ইগুয়ে তার ফেমিলিসহ ঈদের আগের দিন আমরার লগে দেখা করাত আইছিল,,,,,,
মেয়েটি বাংলাদেশে এসে তার পছন্দের ছেলের সাথে বিয়ে ঠিক করেছে,ফুড়িটা বাংলাদেশো আইয়া তার ফছন্দর ফুয়ার লগে বিয়া ঠিক করছইন,,,,,,
আমাদের এলাকায় কেরোসিন তেলের দাম বেড়ে গেছে,আমাদের এলাকায় কেরোসিন তেলের দাম বাড়ি গেছে,,,,,,
আমার প্রতিদিন পেয়ারা খেতে খুব ভালো লাগে,আমার প্রতিদিন সফরি খাইতে খুব ভালা লাগে,,,,,,
পেয়ারা আমার প্রিয় ফল,সফরি আমার প্রিয় ফল,,,,,,
আমার আব্বু প্রতিদিন নারিকেল পানি পান করে,আমার আব্বু প্রতিদিন নাইকলের ফানি ফান করইন,,,,,,
আমার দাদার বাড়ীর পিছনে একটি পেয়ারা গাছ আছে,আমার দাদার বাড়ীর ফিছনে একটা সফরি গাছ আছে,,,,,,
আম্মু রান্নাঘরে বসে মোরগের মাংস রান্না করছে,আম্মা রান্নাঘরো বইয়া মোরগির মাংস রান্না কররা,,,,,,
গ্রামের মানুষরা মাটির পাতিলে রান্না করে,গ্রামের মানুষরা মাটির ফাতিলো রান্দা করইন,,,,,,
আমার ছোট ভাই শিমের তরকারী দিয়ে ভাত খেতে খুব ভালবাসে,আমার ছোট ভাই উরি তরকারি দিয়া ভাত খাইতে ভালাফায়,,,,,,
এই শিশুটি পাকা পেঁপে খাচ্ছে,এই শিশুটা পাকা কইফল খাইরা,,,,,,
আব্বু গ্রাম থেকে আসার সময় অনেক বড় বড় জাম্বুরা কিনে এনেছে,আব্বা গেরাম থাকি আওয়ার সময় বহুত বড় বড় জাম্বুরা কিনিয়া আনছইন,,,,,,
আমার আম্মু জামরুল খাচ্ছে,আমার আম্মা জামির খাইরা,,,,,,
আমার ছোট ভাই বিকালে ছাদে উঠে পাশের বাসার ছাদের কবুতর দেখে,আমার ছোট ভাই বিকালে ছাদে পাশের বাসার ছাদের কবুতর দেখইন,,,,,,
আমাদের গ্রামের বাড়িতে অনেক গুলা মুরগির বাচ্চা আছে,আমাদের গেরামের বাড়িতে বহুত মুরগির বাচ্চা আছে,,,,,,
শিশুটি একটি মুরগির বাচ্চা কলে নিয়েছে,শিশুটা একটা মুরগীর বাচ্চা কোলো নিছইন,,,,,,
আমার ছোট বোন খুবই বোকা,আমার ছোট বোইন খুবই বোকা,,,,,,
গ্রামের বারি গিয়ে আমি একা একা সাঁতার কেটেছি,গেরামের বারি গিয়া মুই একা একা হাতার কেটেছি,,,,,,
"আমার আব্বু , আম্মু , ভাই, বোন ড্রয়িংরুমে বসে আছে","আমার আব্বা, আম্মা, ভাই, বোন ড্রয়িংরুমে বইয়া আছে",,,,,,
আমাদের ঘরের স্টোররুমটি অনেক বড়,আমাদের ঘরের স্টোররুমটা বহুত বড়,,,,,,
শিশুটি একটি বিড়াল ছানাকে আদর করছে,শিশুটা একটা বিড়াল ছানাকে আদর করছে,,,,,,
লাকড়ির চুলায় রান্না করা খাবার খুব মজা,লাকড়ির চুলায় রান্না করা খাবার বহুত মজা,,,,,,
আমার বড় ভাই বেগুন তরকারির ঝোল দিয়ে দুপুরে ভাত খেয়েছে,আমার বড় ভাই বেগুন তরকারির ঝোল দিয়া দুপুরে ভাত খাইছে,,,,,,
আমার আব্বু লাউ দিয়ে চিংড়ি মাছের ঝোল খুব পছন্দ করে,আমার আব্বা লাউ দিয়া ইচা মাছর ঝোল কুব ফছন্দ করুইন,,,,,,
আমার শীতের দিনে গোসল করতে ভালো লাগে না,আমার শীতর দিনে গোসল করতে ভালা লাগে না,,,,,,
আমার বোন গ্রামের বাড়ীতে গিয়ে পুকুরে গোসল করে,আমার বোন গেরামের বাড়ীতে গিয়া ফুসকনিতে গোসল করইন,,,,,,
আমার আম্মু বলে যে তেঁতুল খেলে আমার বুদ্ধি কমে যাবে,আমার আম্মা কইরা যে তেতুল খাইয়া আমার বুদ্ধি কমি যাইবো,,,,,,
আমার আব্বু বাজার থেকে আমাদের জন্য তেঁতুল কিনে এনেছে,আমার আব্বা বাজার থাকি আমাদের লাগি তেতুল কিনিয়া আনছইন,,,,,,
আমার গ্রামের বাড়ীর উঠান অনেক বড়,আমার গেরামের বাড়ীর উঠান অনেক বড়,,,,,,
এই শিশুটি গ্রামের বাড়ীর উঠানে খেলছে,এই শিশুটা গেরামের বাড়ীর উঠানো খেলরা,,,,,,
ছোট বাচ্চাটি অনেক অসুস্থ,ছোট বাচ্চাটা বহুত অসুক,,,,,,
একটি আহত শিশুটি রাস্তায় দাঁড়িয়ে কাঁদছে,একটা আহত শিশুটা রাস্তায় দাড়িনিত কান্দের,,,,,,
আমার ছোট বোনকে আজকে সকালে হাসপাতালে নেয়া হয়েছে,আমার ছোট বোইনকে আইজকে সকালে হাসপাতালে নেওয়া হয়েছে,,,,,,
আব্বু বলেছে বৃষ্টি হলে বারান্দার গাছে পানি দেওয়ার প্রয়োজন নাই,আব্বা বলেছে বৃষ্টি অইলে বারান্দাত গাছে ফানি দেওয়ার প্রয়োজন নাই,,,,,,
আমার আম্মু বৃষ্টি হলেও বারান্দার গাছে পানি দেয়,আমার আম্মা বৃষ্টি অইলেও বারান্দাত গাছো ফানি দিছইন,,,,,,
আব্বু বলেছে গাছে অতিরিক্ত পানি দিলে গাছ মারা যায়,আব্বা কইছইন গাছো অতিরিক্ত ফানি দিলে গাছ মরি যাইবো,,,,,,
গতকাল বিকালে আমাদের এখানে অনেক বৃষ্টি হয়েছে,গতকাইল বিকালে আমাদের এখানে বহুত বৃষ্টি অইছে,,,,,,
আমার আম্মু আজক শশার তরকারি রান্না করেছে,আমার আম্মা আইজ কে শশার তরকারি রান্দা করছইন,,,,,,
গরমের দিনে লবণ দিয়ে শশা খেতে খুব ভালো লাগে,গরমের দিনো নোন দিয়া শশা খাইতে যে ভালা লাগে,,,,,,
শশা খেতে অনেক সুস্বাদু,শশা খাইতে বহুত সুস্বাদু,,,,,,
আব্বু আজকে সকালে বাজার থেকে টমেটো কিনে এনেছে,আব্বা আইজকে বিয়ানে বাজার থাকি টমেটো কিনিয়া আনছইন,,,,,,
দিন দিন টমেটোর দাম বেড়ে চলছে,দিন দিন টমেটোর দাম বাড়িয়া চলছে,,,,,,
আমার সরিষার তেল দিয়ে মাছ ভাজা খেতে খুব ভালো লাগে,আমার সরিষার তেল দিয়া মাছ ভাজা খাইতে খুব ভালা লাগে,,,,,,
আমার দাদা চুলে সরিষার তেল দেয়,আমার দাদা চুলো সরিষার তেল দেইন,,,,,,
আমার নানা বলেছে সরিষার তেল চুল পড়া কমায়,আমার নানা কইছইন সরিষার তেল চুল ফড়া কমায়,,,,,,
এক কৃষক বাজারে টমেটো বিক্রি করে,এক কৃষক বাজারে টমেটো বেছইন,,,,,,
আমার আব্বু গায়ে সরিষার তেল মালিশ করে,আমার আব্বা গতরো সরিষার তেল মালিশ করইন,,,,,,
দিন দিন আমি খুব অসুস্থ হয়ে যাচ্ছি,দিন দিন মুই খুব অসুস্থ অই যাইরাম,,,,,,
যেখানে সেখানে থুথু ফেলা একদম নিষেধ,যেখানে সেখানে সেব ফালালি একবারে নিষেদ,,,,,,
আমার আম্মু বলেছে প্রতিদিন তেতুল খেলে আমার শরীরের রক্ত পানি হয়ে যাবে,আমার আম্মা কইছইন প্রতিদিন তেতুল খাইলে আমার শরীরের রক্ত ফানি অই যাইবো,,,,,,
আমার ছোট ভাইয়ের প্রিয় ফল হলো জামরুল,আমার ছোট ভাইয়ের প্রিয় ফল অইলো জামির,,,,,,
শিশুটির কিছু দিন ধরে সর্দি কাশি,শিশুটার কিছুদিন ধরিয়া সর্দি কাশি,,,,,,
আমাদের গ্রামের বাজারে অনেক বড় একটি দেশী মুরগীর দোকান আছে,আমাদের গেরামের বাজারে বহুত বড় একটা দেশি মোরগির দোকান আছে,,,,,,
সকালে ঘুম থেকে উঠে নারিকেল পানি খেতে আমার খুব ভালো লাগে,বিয়ানে ঘুম থাকি উঠিয়া নাইকল ফানি খাইতে আমার খুব ভালা লাগে,,,,,,
আমি আজকে শিম ভাজি দিয়ে দুপুরে ভাত খেয়েছি,আমি আইজকে উরি ভাজি দিয়া মাধানে ভাত খাইছি,,,,,,
মা আমার জন্য শিম ভাজি রান্না করছে,মা আমার লাগি উরি ভাজি রান্দা করছইন,,,,,,
আম্মু রান্নাঘরে বসে মাটির পাতিলে মুরগির মাংস রান্না করছে,আম্মা রান্দাঘরো বইসা মাটির পাতিলো মুরগির মাংস রান্দা করছইন,,,,,,
অনেক মানুষই শখের বশে ছাদের উপর কবুতর পালন করে,বহুত মানুষই শখের বশে ছাদের উপর কইতর ফালে,,,,,,
দুইদিন ধরে আমার অনেক সর্দি-জ্বর,দুইদিন ধরিয়া আমার অনেক সর্দি- তাফ,,,,,,
সকালে ঘুম থেকে উঠেই ঘরের স্টোররুমটি পরিষ্কার করতে হবে,বিয়ানে ঘুম থাকি উঠিয়া ঘরের স্টোররুমটা পরিষ্কার করতো অইবো,,,,,,
লবণ দিয়ে পেয়ারা খেতে আমার ছোট বোন খুব পছন্দ করে,নোন দিয়া সফরি খাইতে আমার ছোট বোইন খুব ফছন্দ করইন,,,,,,
মা রান্নাঘরে বসে আমার বাবার জন্য শিমের তরকারি রান্না করছে,আম্মা রান্দাঘরো বইয়া আমার বাবার লাগি উরির তরকারি রান্দা করছইন,,,,,,
আমি আর আব্বু গতকাল সিলেট থেকে ঢাকায় এসেছি,আমি আর আব্বা গতকাইল সিলেট থাকি ডাকাত আইছি,,,,,,
আম্মু লাকড়ির চুলায় রান্না করছে,আম্মা লাকড়ির চুলাত রান্দা করছইন,,,,,,
আমার বড় বোনটি কাঁচা আমের শরবত খেতে খুব ভালবাসে,আমার বড় বোইনটা কাচা আমর শরবত খাইতে খুব ভালাফায়,,,,,,
এই বকা ছেলেটি দুইদিন ধরে পড়ালেখা করছে না,এই ফুঙ্গা ফুয়াটা দুইদিন ধরিয়া ফড়ালেখা করছইন না,,,,,,
বিকালে আম্মু আমার জন্য শসার সুপ রান্না করেছে,বিকালে আম্মা আমার লাগি শসার সুপ রান্দা করছইন,,,,,,
আমার স্কুলে কোনো খেলার মাঠ নেই,আমার স্কুলে কোনতা খেলার মাঠ নাই,,,,,,
আমরা সবাই একসাথে খেলা দেখছিলাম,আমরা সবাই একসাথে খেল দেখছিলাম,,,,,,
বিশ্বকাপ ক্রিকেট খেলা আজকে থেকে শুরু,বিশ্বকাপ ক্রিকেট খেলা আইজকে থাকি শুরু,,,,,,
আজকে ইংল্যান্ড বিশ্বকাপ ক্রিকেট খেলায় জিতে গেছে,আজকে ইংল্যান্ড বিশ্বকাপ ক্রিকেট খেলাত জিতি গেছে,,,,,,
চল আমরা সবাই গান গাই,চলো আমরা সবাই গান গাই,,,,,,
তুমি কি আমাকে এক গ্লাস পানি এনে দিতে পারবে ?,তুমি কি আমারে এক গ্লাস ফানি এনে দিতায় ফারবা?,,,,,,
আমি পারবো না পানি দিতে,আমি পারবো না ফানি দিতে,,,,,,
তোমার ভাই পড়ালেখাতে অনেক মেধাবি,তোমার ভাই ফড়ালেখাতে বহুত মেধাবি,,,,,,
আচ্ছা বলো দেখি বাংলাদেশে কয়টি জেলা?,আইচ্চা কও দেখি বাঙলাদেশো কয়টা জেলা?,,,,,,
সামনের দিকে যেয়ে মেয়েটি অনেক হাসবে,সামনর দিকে যাইয়া ফুড়িটা বহুত হাসবো,,,,,,